seed,formulacion,arquitectura,clip,g_pred,g_real
0,v1,simple,515.txt,-2.218477574593426,-9.432059232288914
0,v1,simple,294.txt,-0.7353869714371425,-9.125494036863557
0,v1,simple,593.txt,-1.589706050380808,-8.896034429329157
0,v1,simple,465.txt,-0.783041596739441,-9.675777072202772
0,v1,simple,439.txt,-4.344826176295666,-13.157031818157433
0,v1,simple,537.txt,-1.589706050380808,-10.458447291017901
0,v1,simple,167.txt,-1.093936139144489,-9.122237163580015
0,v1,simple,521.txt,-1.020210857210893,-10.011977021215017
0,v1,simple,059.txt,-0.8913041230822397,-2.2876442409951183
0,v1,simple,301.txt,-0.952890930649341,-8.817674268058354
0,v1,simple,099.txt,-1.093936139144489,-9.9509459515522
0,v1,simple,512.txt,-0.7353869714371425,-8.944076704599892
0,v1,simple,483.txt,-2.91563582798935,-6.868267876665566
0,v1,simple,299.txt,-1.3617725166009693,-10.570297376797344
0,v1,simple,248.txt,-1.8701408726823918,-8.913991954109953
0,v1,simple,069.txt,-1.020210857210893,-9.102144193141847
0,v1,simple,128.txt,-0.7353869714371425,-9.196682260492606
0,v1,simple,486.txt,-1.020210857210893,-9.669453564686426
0,v1,simple,166.txt,-1.589706050380808,-11.284362813759019
0,v1,simple,425.txt,-1.7225045933568757,-9.630791776096673
0,v1,simple,303.txt,-1.7225045933568757,-10.07507194819482
0,v1,simple,297.txt,-1.263777172775864,-10.185193206018374
0,v1,simple,082.txt,-1.1748327251666038,-7.050159317062002
0,v1,simple,319.txt,-1.263777172775864,-10.16642310778967
0,v1,simple,209.txt,-2.034670228873469,-9.775369282055692
0,v1,simple,585.txt,-2.4243352112701126,-8.751643275241506
0,v1,simple,235.txt,-1.020210857210893,-9.353968765315884
0,v1,simple,435.txt,-1.469973026457418,-10.998651772976693
0,v1,simple,379.txt,-0.952890930649341,-9.754769818535012
0,v1,simple,266.txt,-1.020210857210893,-8.418160835212433
0,v1,simple,037.txt,-0.29640476783840863,-3.1018173433476988
0,v1,simple,410.txt,-1.469973026457418,-10.936598050575125
0,v1,simple,341.txt,-1.469973026457418,-10.81451854237116
0,v1,simple,520.txt,-0.783041596739441,-9.62675111624913
0,v1,simple,127.txt,-1.263777172775864,-9.242830235689844
0,v1,simple,402.txt,-1.1748327251666038,-8.796306784055067
0,v1,simple,046.txt,-0.6135747795292361,-4.707262716101255
0,v1,simple,339.txt,-1.263777172775864,-9.447360208079148
0,v1,simple,566.txt,-6.011095085713213,-9.860742925612449
0,v1,simple,027.txt,-0.5468657503597267,-3.5031455122357857
0,v1,simple,155.txt,-2.6554694132684475,-7.701536551926105
0,v1,simple,493.txt,-4.344826176295666,-9.685437643105438
0,v1,simple,429.txt,-0.7353869714371425,-11.360982276219541
0,v1,simple,211.txt,-1.3617725166009693,-9.276144964248253
0,v1,simple,467.txt,-2.034670228873469,-10.165638101749874
0,v1,simple,141.txt,-3.541218303053361,-10.945333156463132
0,v1,simple,376.txt,-0.8910477313367815,-9.563829432222862
0,v1,simple,293.txt,-1.3617725166009693,-8.614088538275974
0,v1,simple,124.txt,-1.7225045933568757,-9.079329855758886
0,v1,simple,078.txt,-4.830609234159002,-10.26143324699038
0,v1,simple,218.txt,-3.541218303053361,-9.148987760879884
0,v1,simple,495.txt,-2.218477574593426,-11.647170340801292
0,v1,simple,335.txt,-1.263777172775864,-9.821874118329676
0,v1,simple,110.txt,-0.8913041230822397,-8.916138411847838
0,v1,simple,328.txt,-2.4243352112701126,-10.731005962108068
0,v1,simple,277.txt,-1.093936139144489,-9.568137235619037
0,v1,simple,163.txt,-2.218477574593426,-8.72027670515739
0,v1,simple,468.txt,-1.1748327251666038,-10.510302852475794
0,v1,simple,013.txt,-4.830609234159002,-8.788508136953457
0,v1,simple,019.txt,-1.7225045933568757,-6.046468130162057
0,v1,simple,287.txt,-2.034670228873469,-8.098008442499445
0,v1,simple,164.txt,-5.383144386816877,-7.1430758242454
0,v1,simple,474.txt,-1.020210857210893,-10.035762493743784
0,v1,simple,407.txt,-4.344826176295666,-10.590903269848717
0,v1,simple,577.txt,-1.7225045933568757,-9.017413886854511
0,v1,simple,484.txt,-1.093936139144489,-10.370046989644045
0,v1,simple,604.txt,-0.6914905710939574,-8.70983375156192
0,v1,simple,095.txt,-4.830609234159002,-8.974508462717132
0,v1,simple,121.txt,-1.7225045933568757,-9.273461295933645
0,v1,simple,586.txt,-2.218477574593426,-11.772298068130956
0,v1,simple,452.txt,-1.093936139144489,-11.182805716547357
0,v1,simple,440.txt,-1.469973026457418,-10.686199968375288
0,v1,simple,055.txt,-0.3965005241424646,-4.262111599904422
0,v1,simple,508.txt,-2.034670228873469,-9.756726928763815
0,v1,simple,334.txt,-0.783041596739441,-9.566891086326965
0,v1,simple,197.txt,-1.020210857210893,-8.504410331700642
0,v1,simple,168.txt,-1.263777172775864,-9.374927264767521
0,v1,simple,064.txt,-1.8701408726823918,-7.629592075927077
0,v1,simple,534.txt,-4.344826176295666,-11.248719463995723
0,v1,simple,298.txt,-0.8348610706620438,-9.681499694789668
0,v1,simple,102.txt,-0.8913041230822397,-9.165147701462002
0,v1,simple,605.txt,-2.034670228873469,-9.407994141928727
0,v1,simple,533.txt,-0.952890930649341,-9.27137589234788
0,v1,simple,210.txt,-1.589706050380808,-9.023204946084173
0,v1,simple,214.txt,-2.4243352112701126,-9.345131582392032
0,v1,simple,352.txt,-3.541218303053361,-10.206347807329134
0,v1,simple,307.txt,-1.589706050380808,-8.992234290916382
0,v1,simple,057.txt,-0.6914905710939574,-3.344238708132721
0,v1,simple,006.txt,-3.917535031465085,-8.460072777985669
0,v1,simple,146.txt,-1.020210857210893,-9.595425372169574
0,v1,simple,360.txt,-2.91563582798935,-8.053436959156503
0,v1,media,515.txt,-1.5803735067333968,-9.432059232288914
0,v1,media,294.txt,0.15916097514941163,-9.125494036863557
0,v1,media,593.txt,-1.2441937806131083,-8.896034429329157
0,v1,media,465.txt,-0.1394877486588142,-9.675777072202772
0,v1,media,439.txt,-2.2529914077199638,-13.157031818157433
0,v1,media,537.txt,-1.2441937806131083,-10.458447291017901
0,v1,media,167.txt,-0.9272546746530693,-9.122237163580015
0,v1,media,521.txt,-0.8757712429792391,-10.011977021215017
0,v1,media,059.txt,-0.6532181092019738,-2.2876442409951183
0,v1,media,301.txt,-0.8192142972891745,-8.817674268058354
0,v1,media,099.txt,-0.9272546746530693,-9.9509459515522
0,v1,media,512.txt,0.15916097514941163,-8.944076704599892
0,v1,media,483.txt,-1.87624251059581,-6.868267876665566
0,v1,media,299.txt,-1.1045717083227014,-10.570297376797344
0,v1,media,248.txt,-1.4027013772034265,-8.913991954109953
0,v1,media,069.txt,-0.8757712429792391,-9.102144193141847
0,v1,media,128.txt,0.15916097514941163,-9.196682260492606
0,v1,media,486.txt,-0.8757712429792391,-9.669453564686426
0,v1,media,166.txt,-1.2441937806131083,-11.284362813759019
0,v1,media,425.txt,-1.3210295528246583,-9.630791776096673
0,v1,media,303.txt,-1.3210295528246583,-10.07507194819482
0,v1,media,297.txt,-1.0414123311267014,-10.185193206018374
0,v1,media,082.txt,-0.9823875479256848,-7.050159317062002
0,v1,media,319.txt,-1.0414123311267014,-10.16642310778967
0,v1,media,209.txt,-1.489202873753781,-9.775369282055692
0,v1,media,585.txt,-1.6758242802733365,-8.751643275241506
0,v1,media,235.txt,-0.8757712429792391,-9.353968765315884
0,v1,media,435.txt,-1.1720961262395673,-10.998651772976693
0,v1,media,379.txt,-0.8192142972891745,-9.754769818535012
0,v1,media,266.txt,-0.8757712429792391,-8.418160835212433
0,v1,media,037.txt,3.206292459576855,-3.1018173433476988
0,v1,media,410.txt,-1.1720961262395673,-10.936598050575125
0,v1,media,341.txt,-1.1720961262395673,-10.81451854237116
0,v1,media,520.txt,-0.1394877486588142,-9.62675111624913
0,v1,media,127.txt,-1.0414123311267014,-9.242830235689844
0,v1,media,402.txt,-0.9823875479256848,-8.796306784055067
0,v1,media,046.txt,1.055694842668941,-4.707262716101255
0,v1,media,339.txt,-1.0414123311267014,-9.447360208079148
0,v1,media,566.txt,-2.3263289043785145,-9.860742925612449
0,v1,media,027.txt,1.5870788795207798,-3.5031455122357857
0,v1,media,155.txt,-1.7748392521598642,-7.701536551926105
0,v1,media,493.txt,-2.2529914077199638,-9.685437643105438
0,v1,media,429.txt,0.15916097514941163,-11.360982276219541
0,v1,media,211.txt,-1.1045717083227014,-9.276144964248253
0,v1,media,467.txt,-1.489202873753781,-10.165638101749874
0,v1,media,141.txt,-2.0779580198931544,-10.945333156463132
0,v1,media,376.txt,-0.6552037722444837,-9.563829432222862
0,v1,media,293.txt,-1.1045717083227014,-8.614088538275974
0,v1,media,124.txt,-1.3210295528246583,-9.079329855758886
0,v1,media,078.txt,-2.3142696852287985,-10.26143324699038
0,v1,media,218.txt,-2.0779580198931544,-9.148987760879884
0,v1,media,495.txt,-1.5803735067333968,-11.647170340801292
0,v1,media,335.txt,-1.0414123311267014,-9.821874118329676
0,v1,media,110.txt,-0.6532181092019738,-8.916138411847838
0,v1,media,328.txt,-1.6758242802733365,-10.731005962108068
0,v1,media,277.txt,-0.9272546746530693,-9.568137235619037
0,v1,media,163.txt,-1.5803735067333968,-8.72027670515739
0,v1,media,468.txt,-0.9823875479256848,-10.510302852475794
0,v1,media,013.txt,-2.3142696852287985,-8.788508136953457
0,v1,media,019.txt,-1.3210295528246583,-6.046468130162057
0,v1,media,287.txt,-1.489202873753781,-8.098008442499445
0,v1,media,164.txt,-2.3439069650431157,-7.1430758242454
0,v1,media,474.txt,-0.8757712429792391,-10.035762493743784
0,v1,media,407.txt,-2.2529914077199638,-10.590903269848717
0,v1,media,577.txt,-1.3210295528246583,-9.017413886854511
0,v1,media,484.txt,-0.9272546746530693,-10.370046989644045
0,v1,media,604.txt,0.46419423490216727,-8.70983375156192
0,v1,media,095.txt,-2.3142696852287985,-8.974508462717132
0,v1,media,121.txt,-1.3210295528246583,-9.273461295933645
0,v1,media,586.txt,-1.5803735067333968,-11.772298068130956
0,v1,media,452.txt,-0.9272546746530693,-11.182805716547357
0,v1,media,440.txt,-1.1720961262395673,-10.686199968375288
0,v1,media,055.txt,2.7040856016040036,-4.262111599904422
0,v1,media,508.txt,-1.489202873753781,-9.756726928763815
0,v1,media,334.txt,-0.1394877486588142,-9.566891086326965
0,v1,media,197.txt,-0.8757712429792391,-8.504410331700642
0,v1,media,168.txt,-1.0414123311267014,-9.374927264767521
0,v1,media,064.txt,-1.4027013772034265,-7.629592075927077
0,v1,media,534.txt,-2.2529914077199638,-11.248719463995723
0,v1,media,298.txt,-0.4171288048174293,-9.681499694789668
0,v1,media,102.txt,-0.6532181092019738,-9.165147701462002
0,v1,media,605.txt,-1.489202873753781,-9.407994141928727
0,v1,media,533.txt,-0.8192142972891745,-9.27137589234788
0,v1,media,210.txt,-1.2441937806131083,-9.023204946084173
0,v1,media,214.txt,-1.6758242802733365,-9.345131582392032
0,v1,media,352.txt,-2.0779580198931544,-10.206347807329134
0,v1,media,307.txt,-1.2441937806131083,-8.992234290916382
0,v1,media,057.txt,0.46419423490216727,-3.344238708132721
0,v1,media,006.txt,-2.171487047771244,-8.460072777985669
0,v1,media,146.txt,-0.8757712429792391,-9.595425372169574
0,v1,media,360.txt,-1.87624251059581,-8.053436959156503
0,v1,tanh_deep,515.txt,-4.133203160578909,-9.432059232288914
0,v1,tanh_deep,294.txt,0.1870778100163164,-9.125494036863557
0,v1,tanh_deep,593.txt,-2.4984616327671443,-8.896034429329157
0,v1,tanh_deep,465.txt,-0.1620975839490546,-9.675777072202772
0,v1,tanh_deep,439.txt,-9.80690087050406,-13.157031818157433
0,v1,tanh_deep,537.txt,-2.4984616327671443,-10.458447291017901
0,v1,tanh_deep,167.txt,-1.786235226799072,-9.122237163580015
0,v1,tanh_deep,521.txt,-1.5227079200250753,-10.011977021215017
0,v1,tanh_deep,059.txt,-0.8730753405655675,-2.2876442409951183
0,v1,tanh_deep,301.txt,-1.2128442300285143,-8.817674268058354
0,v1,tanh_deep,099.txt,-1.786235226799072,-9.9509459515522
0,v1,tanh_deep,512.txt,0.1870778100163164,-8.944076704599892
0,v1,tanh_deep,483.txt,-6.138397354016721,-6.868267876665566
0,v1,tanh_deep,299.txt,-2.22926648780333,-10.570297376797344
0,v1,tanh_deep,248.txt,-3.153866228231318,-8.913991954109953
0,v1,tanh_deep,069.txt,-1.5227079200250753,-9.102144193141847
0,v1,tanh_deep,128.txt,0.1870778100163164,-9.196682260492606
0,v1,tanh_deep,486.txt,-1.5227079200250753,-9.669453564686426
0,v1,tanh_deep,166.txt,-2.4984616327671443,-11.284362813759019
0,v1,tanh_deep,425.txt,-2.772522500036816,-9.630791776096673
0,v1,tanh_deep,303.txt,-2.772522500036816,-10.07507194819482
0,v1,tanh_deep,297.txt,-2.1311806457746423,-10.185193206018374
0,v1,tanh_deep,082.txt,-1.9899247827270095,-7.050159317062002
0,v1,tanh_deep,319.txt,-2.1311806457746423,-10.16642310778967
0,v1,tanh_deep,209.txt,-3.615342981076716,-9.775369282055692
0,v1,tanh_deep,585.txt,-4.7084624554123415,-8.751643275241506
0,v1,tanh_deep,235.txt,-1.5227079200250753,-9.353968765315884
0,v1,tanh_deep,435.txt,-2.3312821288321843,-10.998651772976693
0,v1,tanh_deep,379.txt,-1.2128442300285143,-9.754769818535012
0,v1,tanh_deep,266.txt,-1.5227079200250753,-8.418160835212433
0,v1,tanh_deep,037.txt,3.136237715005357,-3.1018173433476988
0,v1,tanh_deep,410.txt,-2.3312821288321843,-10.936598050575125
0,v1,tanh_deep,341.txt,-2.3312821288321843,-10.81451854237116
0,v1,tanh_deep,520.txt,-0.1620975839490546,-9.62675111624913
0,v1,tanh_deep,127.txt,-2.1311806457746423,-9.242830235689844
0,v1,tanh_deep,402.txt,-1.9899247827270095,-8.796306784055067
0,v1,tanh_deep,046.txt,1.1327105945341098,-4.707262716101255
0,v1,tanh_deep,339.txt,-2.1311806457746423,-9.447360208079148
0,v1,tanh_deep,566.txt,-11.11492931140024,-9.860742925612449
0,v1,tanh_deep,027.txt,1.6516166941098258,-3.5031455122357857
0,v1,tanh_deep,155.txt,-5.3670669502118695,-7.701536551926105
0,v1,tanh_deep,493.txt,-9.80690087050406,-9.685437643105438
0,v1,tanh_deep,429.txt,0.1870778100163164,-11.360982276219541
0,v1,tanh_deep,211.txt,-2.22926648780333,-9.276144964248253
0,v1,tanh_deep,467.txt,-3.615342981076716,-10.165638101749874
0,v1,tanh_deep,141.txt,-7.9890389565799875,-10.945333156463132
0,v1,tanh_deep,376.txt,-0.8732451198916171,-9.563829432222862
0,v1,tanh_deep,293.txt,-2.22926648780333,-8.614088538275974
0,v1,tanh_deep,124.txt,-2.772522500036816,-9.079329855758886
0,v1,tanh_deep,078.txt,-10.469280044653654,-10.26143324699038
0,v1,tanh_deep,218.txt,-7.9890389565799875,-9.148987760879884
0,v1,tanh_deep,495.txt,-4.133203160578909,-11.647170340801292
0,v1,tanh_deep,335.txt,-2.1311806457746423,-9.821874118329676
0,v1,tanh_deep,110.txt,-0.8730753405655675,-8.916138411847838
0,v1,tanh_deep,328.txt,-4.7084624554123415,-10.731005962108068
0,v1,tanh_deep,277.txt,-1.786235226799072,-9.568137235619037
0,v1,tanh_deep,163.txt,-4.133203160578909,-8.72027670515739
0,v1,tanh_deep,468.txt,-1.9899247827270095,-10.510302852475794
0,v1,tanh_deep,013.txt,-10.469280044653654,-8.788508136953457
0,v1,tanh_deep,019.txt,-2.772522500036816,-6.046468130162057
0,v1,tanh_deep,287.txt,-3.615342981076716,-8.098008442499445
0,v1,tanh_deep,164.txt,-10.892086025856928,-7.1430758242454
0,v1,tanh_deep,474.txt,-1.5227079200250753,-10.035762493743784
0,v1,tanh_deep,407.txt,-9.80690087050406,-10.590903269848717
0,v1,tanh_deep,577.txt,-2.772522500036816,-9.017413886854511
0,v1,tanh_deep,484.txt,-1.786235226799072,-10.370046989644045
0,v1,tanh_deep,604.txt,0.5220461052577137,-8.70983375156192
0,v1,tanh_deep,095.txt,-10.469280044653654,-8.974508462717132
0,v1,tanh_deep,121.txt,-2.772522500036816,-9.273461295933645
0,v1,tanh_deep,586.txt,-4.133203160578909,-11.772298068130956
0,v1,tanh_deep,452.txt,-1.786235226799072,-11.182805716547357
0,v1,tanh_deep,440.txt,-2.3312821288321843,-10.686199968375288
0,v1,tanh_deep,055.txt,2.6761078765431847,-4.262111599904422
0,v1,tanh_deep,508.txt,-3.615342981076716,-9.756726928763815
0,v1,tanh_deep,334.txt,-0.1620975839490546,-9.566891086326965
0,v1,tanh_deep,197.txt,-1.5227079200250753,-8.504410331700642
0,v1,tanh_deep,168.txt,-2.1311806457746423,-9.374927264767521
0,v1,tanh_deep,064.txt,-3.153866228231318,-7.629592075927077
0,v1,tanh_deep,534.txt,-9.80690087050406,-11.248719463995723
0,v1,tanh_deep,298.txt,-0.518654915701929,-9.681499694789668
0,v1,tanh_deep,102.txt,-0.8730753405655675,-9.165147701462002
0,v1,tanh_deep,605.txt,-3.615342981076716,-9.407994141928727
0,v1,tanh_deep,533.txt,-1.2128442300285143,-9.27137589234788
0,v1,tanh_deep,210.txt,-2.4984616327671443,-9.023204946084173
0,v1,tanh_deep,214.txt,-4.7084624554123415,-9.345131582392032
0,v1,tanh_deep,352.txt,-7.9890389565799875,-10.206347807329134
0,v1,tanh_deep,307.txt,-2.4984616327671443,-8.992234290916382
0,v1,tanh_deep,057.txt,0.522046253656963,-3.344238708132721
0,v1,tanh_deep,006.txt,-8.949481828796516,-8.460072777985669
0,v1,tanh_deep,146.txt,-1.5227079200250753,-9.595425372169574
0,v1,tanh_deep,360.txt,-6.138397354016721,-8.053436959156503
0,tau,simple,515.txt,-3.629821474633606,-9.432059232288914
0,tau,simple,294.txt,-1.1868847637426982,-9.125494036863557
0,tau,simple,593.txt,-2.587432486476426,-8.896034429329157
0,tau,simple,465.txt,-1.2644896830909682,-9.675777072202772
0,tau,simple,439.txt,-7.22591491207065,-13.157031818157433
0,tau,simple,537.txt,-2.587432486476426,-10.458447291017901
0,tau,simple,167.txt,-1.772346558864382,-9.122237163580015
0,tau,simple,521.txt,-1.6516747793865907,-10.011977021215017
0,tau,simple,059.txt,-1.441037217409008,-2.2876442409951183
0,tau,simple,301.txt,-1.5416153718046182,-8.817674268058354
0,tau,simple,099.txt,-1.772346558864382,-9.9509459515522
0,tau,simple,512.txt,-1.1868847637426982,-8.944076704599892
0,tau,simple,483.txt,-4.7965864514706436,-6.868267876665566
0,tau,simple,299.txt,-2.21192313902393,-10.570297376797344
0,tau,simple,248.txt,-3.051174697979574,-8.913991954109953
0,tau,simple,069.txt,-1.6516747793865907,-9.102144193141847
0,tau,simple,128.txt,-1.1868847637426982,-9.196682260492606
0,tau,simple,486.txt,-1.6516747793865907,-9.669453564686426
0,tau,simple,166.txt,-2.587432486476426,-11.284362813759019
0,tau,simple,425.txt,-2.8067986685822652,-9.630791776096673
0,tau,simple,303.txt,-2.8067986685822652,-10.07507194819482
0,tau,simple,297.txt,-2.0508781225002046,-10.185193206018374
0,tau,simple,082.txt,-1.9049203935517298,-7.050159317062002
0,tau,simple,319.txt,-2.0508781225002046,-10.16642310778967
0,tau,simple,209.txt,-3.32412594003032,-9.775369282055692
0,tau,simple,585.txt,-3.9731410408820755,-8.751643275241506
0,tau,simple,235.txt,-1.6516747793865907,-9.353968765315884
0,tau,simple,435.txt,-2.3900177729306713,-10.998651772976693
0,tau,simple,379.txt,-1.5416153718046182,-9.754769818535012
0,tau,simple,266.txt,-1.6516747793865907,-8.418160835212433
0,tau,simple,037.txt,-0.4754544071704696,-3.1018173433476988
0,tau,simple,410.txt,-2.3900177729306713,-10.936598050575125
0,tau,simple,341.txt,-2.3900177729306713,-10.81451854237116
0,tau,simple,520.txt,-1.2644896830909682,-9.62675111624913
0,tau,simple,127.txt,-2.0508781225002046,-9.242830235689844
0,tau,simple,402.txt,-1.9049203935517298,-8.796306784055067
0,tau,simple,046.txt,-0.9888256662564507,-4.707262716101255
0,tau,simple,339.txt,-2.0508781225002046,-9.447360208079148
0,tau,simple,566.txt,-10.13042802444881,-9.860742925612449
0,tau,simple,027.txt,-0.8805586154801603,-3.5031455122357857
0,tau,simple,155.txt,-4.359815073145127,-7.701536551926105
0,tau,simple,493.txt,-7.22591491207065,-9.685437643105438
0,tau,simple,429.txt,-1.1868847637426982,-11.360982276219541
0,tau,simple,211.txt,-2.21192313902393,-9.276144964248253
0,tau,simple,467.txt,-3.32412594003032,-10.165638101749874
0,tau,simple,141.txt,-5.853564218538049,-10.945333156463132
0,tau,simple,376.txt,-1.4406966863075015,-9.563829432222862
0,tau,simple,293.txt,-2.21192313902393,-8.614088538275974
0,tau,simple,124.txt,-2.8067986685822652,-9.079329855758886
0,tau,simple,078.txt,-8.063992950244513,-10.26143324699038
0,tau,simple,218.txt,-5.853564218538049,-9.148987760879884
0,tau,simple,495.txt,-3.629821474633606,-11.647170340801292
0,tau,simple,335.txt,-2.0508781225002046,-9.821874118329676
0,tau,simple,110.txt,-1.441037217409008,-8.916138411847838
0,tau,simple,328.txt,-3.9731410408820755,-10.731005962108068
0,tau,simple,277.txt,-1.772346558864382,-9.568137235619037
0,tau,simple,163.txt,-3.629821474633606,-8.72027670515739
0,tau,simple,468.txt,-1.9049203935517298,-10.510302852475794
0,tau,simple,013.txt,-8.063992950244513,-8.788508136953457
0,tau,simple,019.txt,-2.8067986685822652,-6.046468130162057
0,tau,simple,287.txt,-3.32412594003032,-8.098008442499445
0,tau,simple,164.txt,-9.025654650222863,-7.1430758242454
0,tau,simple,474.txt,-1.6516747793865907,-10.035762493743784
0,tau,simple,407.txt,-7.22591491207065,-10.590903269848717
0,tau,simple,577.txt,-2.8067986685822652,-9.017413886854511
0,tau,simple,484.txt,-1.772346558864382,-10.370046989644045
0,tau,simple,604.txt,-1.1154601982455286,-8.70983375156192
0,tau,simple,095.txt,-8.063992950244513,-8.974508462717132
0,tau,simple,121.txt,-2.8067986685822652,-9.273461295933645
0,tau,simple,586.txt,-3.629821474633606,-11.772298068130956
0,tau,simple,452.txt,-1.772346558864382,-11.182805716547357
0,tau,simple,440.txt,-2.3900177729306713,-10.686199968375288
0,tau,simple,055.txt,-0.6370729807396505,-4.262111599904422
0,tau,simple,508.txt,-3.32412594003032,-9.756726928763815
0,tau,simple,334.txt,-1.2644896830909682,-9.566891086326965
0,tau,simple,197.txt,-1.6516747793865907,-8.504410331700642
0,tau,simple,168.txt,-2.0508781225002046,-9.374927264767521
0,tau,simple,064.txt,-3.051174697979574,-7.629592075927077
0,tau,simple,534.txt,-7.22591491207065,-11.248719463995723
0,tau,simple,298.txt,-1.3489517051937778,-9.681499694789668
0,tau,simple,102.txt,-1.441037217409008,-9.165147701462002
0,tau,simple,605.txt,-3.32412594003032,-9.407994141928727
0,tau,simple,533.txt,-1.5416153718046182,-9.27137589234788
0,tau,simple,210.txt,-2.587432486476426,-9.023204946084173
0,tau,simple,214.txt,-3.9731410408820755,-9.345131582392032
0,tau,simple,352.txt,-5.853564218538049,-10.206347807329134
0,tau,simple,307.txt,-2.587432486476426,-8.992234290916382
0,tau,simple,057.txt,-1.1154601982455286,-3.344238708132721
0,tau,simple,006.txt,-6.494111119914308,-8.460072777985669
0,tau,simple,146.txt,-1.6516747793865907,-9.595425372169574
0,tau,simple,360.txt,-4.7965864514706436,-8.053436959156503
0,tau,media,515.txt,-9.64473724700319,-9.432059232288914
0,tau,media,294.txt,-3.7974314945216867,-9.125494036863557
0,tau,media,593.txt,-8.746230697140046,-8.896034429329157
0,tau,media,465.txt,-4.633585135587503,-9.675777072202772
0,tau,media,439.txt,-7.249731744208772,-13.157031818157433
0,tau,media,537.txt,-8.746230697140046,-10.458447291017901
0,tau,media,167.txt,-7.260742487357266,-9.122237163580015
0,tau,media,521.txt,-6.969707343059628,-10.011977021215017
0,tau,media,059.txt,-6.127379138910333,-2.2876442409951183
0,tau,media,301.txt,-6.672097757652445,-8.817674268058354
0,tau,media,099.txt,-7.260742487357266,-9.9509459515522
0,tau,media,512.txt,-3.7974314945216867,-8.944076704599892
0,tau,media,483.txt,-9.627519366774143,-6.868267876665566
0,tau,media,299.txt,-8.15940224079131,-10.570297376797344
0,tau,media,248.txt,-9.268693354533232,-8.913991954109953
0,tau,media,069.txt,-6.969707343059628,-9.102144193141847
0,tau,media,128.txt,-3.7974314945216867,-9.196682260492606
0,tau,media,486.txt,-6.969707343059628,-9.669453564686426
0,tau,media,166.txt,-8.746230697140046,-11.284362813759019
0,tau,media,425.txt,-9.019699724938825,-9.630791776096673
0,tau,media,303.txt,-9.019699724938825,-10.07507194819482
0,tau,media,297.txt,-7.858222780934451,-10.185193206018374
0,tau,media,082.txt,-7.5576602811126845,-7.050159317062002
0,tau,media,319.txt,-7.858222780934451,-10.16642310778967
0,tau,media,209.txt,-9.481848692273061,-9.775369282055692
0,tau,media,585.txt,-9.739213718045622,-8.751643275241506
0,tau,media,235.txt,-6.969707343059628,-9.353968765315884
0,tau,media,435.txt,-8.45716949670285,-10.998651772976693
0,tau,media,379.txt,-6.672097757652445,-9.754769818535012
0,tau,media,266.txt,-6.969707343059628,-8.418160835212433
0,tau,media,037.txt,5.081524162880521,-3.1018173433476988
0,tau,media,410.txt,-8.45716949670285,-10.936598050575125
0,tau,media,341.txt,-8.45716949670285,-10.81451854237116
0,tau,media,520.txt,-4.633585135587503,-9.62675111624913
0,tau,media,127.txt,-7.858222780934451,-9.242830235689844
0,tau,media,402.txt,-7.5576602811126845,-8.796306784055067
0,tau,media,046.txt,-1.3152504662434292,-4.707262716101255
0,tau,media,339.txt,-7.858222780934451,-9.447360208079148
0,tau,media,566.txt,-2.6589259880950777,-9.860742925612449
0,tau,media,027.txt,0.1640763342421594,-3.5031455122357857
0,tau,media,155.txt,-9.742700545767654,-7.701536551926105
0,tau,media,493.txt,-7.249731744208772,-9.685437643105438
0,tau,media,429.txt,-3.7974314945216867,-11.360982276219541
0,tau,media,211.txt,-8.15940224079131,-9.276144964248253
0,tau,media,467.txt,-9.481848692273061,-10.165638101749874
0,tau,media,141.txt,-8.903035099237604,-10.945333156463132
0,tau,media,376.txt,-6.132043545840818,-9.563829432222862
0,tau,media,293.txt,-8.15940224079131,-8.614088538275974
0,tau,media,124.txt,-9.019699724938825,-9.079329855758886
0,tau,media,078.txt,-5.984179520955289,-10.26143324699038
0,tau,media,218.txt,-8.903035099237604,-9.148987760879884
0,tau,media,495.txt,-9.64473724700319,-11.647170340801292
0,tau,media,335.txt,-7.858222780934451,-9.821874118329676
0,tau,media,110.txt,-6.127379138910333,-8.916138411847838
0,tau,media,328.txt,-9.739213718045622,-10.731005962108068
0,tau,media,277.txt,-7.260742487357266,-9.568137235619037
0,tau,media,163.txt,-9.64473724700319,-8.72027670515739
0,tau,media,468.txt,-7.5576602811126845,-10.510302852475794
0,tau,media,013.txt,-5.984179520955289,-8.788508136953457
0,tau,media,019.txt,-9.019699724938825,-6.046468130162057
0,tau,media,287.txt,-9.481848692273061,-8.098008442499445
0,tau,media,164.txt,-4.423476530750977,-7.1430758242454
0,tau,media,474.txt,-6.969707343059628,-10.035762493743784
0,tau,media,407.txt,-7.249731744208772,-10.590903269848717
0,tau,media,577.txt,-9.019699724938825,-9.017413886854511
0,tau,media,484.txt,-7.260742487357266,-10.370046989644045
0,tau,media,604.txt,-2.951190857888679,-8.70983375156192
0,tau,media,095.txt,-5.984179520955289,-8.974508462717132
0,tau,media,121.txt,-9.019699724938825,-9.273461295933645
0,tau,media,586.txt,-9.64473724700319,-11.772298068130956
0,tau,media,452.txt,-7.260742487357266,-11.182805716547357
0,tau,media,440.txt,-8.45716949670285,-10.686199968375288
0,tau,media,055.txt,3.399603236224304,-4.262111599904422
0,tau,media,508.txt,-9.481848692273061,-9.756726928763815
0,tau,media,334.txt,-4.633585135587503,-9.566891086326965
0,tau,media,197.txt,-6.969707343059628,-8.504410331700642
0,tau,media,168.txt,-7.858222780934451,-9.374927264767521
0,tau,media,064.txt,-9.268693354533232,-7.629592075927077
0,tau,media,534.txt,-7.249731744208772,-11.248719463995723
0,tau,media,298.txt,-5.425992018275059,-9.681499694789668
0,tau,media,102.txt,-6.127379138910333,-9.165147701462002
0,tau,media,605.txt,-9.481848692273061,-9.407994141928727
0,tau,media,533.txt,-6.672097757652445,-9.27137589234788
0,tau,media,210.txt,-8.746230697140046,-9.023204946084173
0,tau,media,214.txt,-9.739213718045622,-9.345131582392032
0,tau,media,352.txt,-8.903035099237604,-10.206347807329134
0,tau,media,307.txt,-8.746230697140046,-8.992234290916382
0,tau,media,057.txt,-2.951190857888679,-3.344238708132721
0,tau,media,006.txt,-8.21310372359489,-8.460072777985669
0,tau,media,146.txt,-6.969707343059628,-9.595425372169574
0,tau,media,360.txt,-9.627519366774143,-8.053436959156503
0,tau,tanh_deep,515.txt,-9.436297308252822,-9.432059232288914
0,tau,tanh_deep,294.txt,-3.818892116833801,-9.125494036863557
0,tau,tanh_deep,593.txt,-9.32259578941683,-8.896034429329157
0,tau,tanh_deep,465.txt,-5.144184676763535,-9.675777072202772
0,tau,tanh_deep,439.txt,-10.20333989664573,-13.157031818157433
0,tau,tanh_deep,537.txt,-9.32259578941683,-10.458447291017901
0,tau,tanh_deep,167.txt,-8.268172436330879,-9.122237163580015
0,tau,tanh_deep,521.txt,-7.931969225188876,-10.011977021215017
0,tau,tanh_deep,059.txt,-6.940252711151893,-2.2876442409951183
0,tau,tanh_deep,301.txt,-7.505268372684823,-8.817674268058354
0,tau,tanh_deep,099.txt,-8.268172436330879,-9.9509459515522
0,tau,tanh_deep,512.txt,-3.818892116833801,-8.944076704599892
0,tau,tanh_deep,483.txt,-9.53152747573926,-6.868267876665566
0,tau,tanh_deep,299.txt,-9.08997730955229,-10.570297376797344
0,tau,tanh_deep,248.txt,-9.414995129964499,-8.913991954109953
0,tau,tanh_deep,069.txt,-7.931969225188876,-9.102144193141847
0,tau,tanh_deep,128.txt,-3.818892116833801,-9.196682260492606
0,tau,tanh_deep,486.txt,-7.931969225188876,-9.669453564686426
0,tau,tanh_deep,166.txt,-9.322595680684898,-11.284362813759019
0,tau,tanh_deep,425.txt,-9.378727460874158,-9.630791776096673
0,tau,tanh_deep,303.txt,-9.378727460874158,-10.07507194819482
0,tau,tanh_deep,297.txt,-8.863954815838362,-10.185193206018374
0,tau,tanh_deep,082.txt,-8.575701049032482,-7.050159317062002
0,tau,tanh_deep,319.txt,-8.863954812884769,-10.16642310778967
0,tau,tanh_deep,209.txt,-9.43241010104883,-9.775369282055692
0,tau,tanh_deep,585.txt,-9.441253748732032,-8.751643275241506
0,tau,tanh_deep,235.txt,-7.931969225188876,-9.353968765315884
0,tau,tanh_deep,435.txt,-9.235614526787975,-10.998651772976693
0,tau,tanh_deep,379.txt,-7.505268372684823,-9.754769818535012
0,tau,tanh_deep,266.txt,-7.931969225188876,-8.418160835212433
0,tau,tanh_deep,037.txt,2.6806566095419675,-3.1018173433476988
0,tau,tanh_deep,410.txt,-9.235614526787975,-10.936598050575125
0,tau,tanh_deep,341.txt,-9.235614526787975,-10.81451854237116
0,tau,tanh_deep,520.txt,-5.144184676763535,-9.62675111624913
0,tau,tanh_deep,127.txt,-8.863954812884769,-9.242830235689844
0,tau,tanh_deep,402.txt,-8.575701049032482,-8.796306784055067
0,tau,tanh_deep,046.txt,-0.1017975770807773,-4.707262716101255
0,tau,tanh_deep,339.txt,-8.863954812884769,-9.447360208079148
0,tau,tanh_deep,566.txt,-10.924847186877377,-9.860742925612449
0,tau,tanh_deep,027.txt,1.400887925113619,-3.5031455122357857
0,tau,tanh_deep,155.txt,-9.467296213511078,-7.701536551926105
0,tau,tanh_deep,493.txt,-10.20333989664573,-9.685437643105438
0,tau,tanh_deep,429.txt,-3.818892116833801,-11.360982276219541
0,tau,tanh_deep,211.txt,-9.08997730955229,-9.276144964248253
0,tau,tanh_deep,467.txt,-9.43241010104883,-10.165638101749874
0,tau,tanh_deep,141.txt,-9.795008872934874,-10.945333156463132
0,tau,tanh_deep,376.txt,-6.942275391361024,-9.563829432222862
0,tau,tanh_deep,293.txt,-9.08997730955229,-8.614088538275974
0,tau,tanh_deep,124.txt,-9.378727460874158,-9.079329855758886
0,tau,tanh_deep,078.txt,-10.441582462806757,-10.26143324699038
0,tau,tanh_deep,218.txt,-9.795008872934874,-9.148987760879884
0,tau,tanh_deep,495.txt,-9.436297308252822,-11.647170340801292
0,tau,tanh_deep,335.txt,-8.863954812884769,-9.821874118329676
0,tau,tanh_deep,110.txt,-6.940252711151893,-8.916138411847838
0,tau,tanh_deep,328.txt,-9.441253748732032,-10.731005962108068
0,tau,tanh_deep,277.txt,-8.268172436330879,-9.568137235619037
0,tau,tanh_deep,163.txt,-9.436297308252822,-8.72027670515739
0,tau,tanh_deep,468.txt,-8.575701049032482,-10.510302852475794
0,tau,tanh_deep,013.txt,-10.441582462806757,-8.788508136953457
0,tau,tanh_deep,019.txt,-9.378727460874158,-6.046468130162057
0,tau,tanh_deep,287.txt,-9.43241010104883,-8.098008442499445
0,tau,tanh_deep,164.txt,-10.688201200782997,-7.1430758242454
0,tau,tanh_deep,474.txt,-7.931969225188876,-10.035762493743784
0,tau,tanh_deep,407.txt,-10.20333989664573,-10.590903269848717
0,tau,tanh_deep,577.txt,-9.378727460874158,-9.017413886854511
0,tau,tanh_deep,484.txt,-8.268172563230552,-10.370046989644045
0,tau,tanh_deep,604.txt,-2.4278613196859333,-8.70983375156192
0,tau,tanh_deep,095.txt,-10.441582462806757,-8.974508462717132
0,tau,tanh_deep,121.txt,-9.378727341532267,-9.273461295933645
0,tau,tanh_deep,586.txt,-9.436297308252822,-11.772298068130956
0,tau,tanh_deep,452.txt,-8.268172436330879,-11.182805716547357
0,tau,tanh_deep,440.txt,-9.235614526787975,-10.686199968375288
0,tau,tanh_deep,055.txt,2.404483193380707,-4.262111599904422
0,tau,tanh_deep,508.txt,-9.43241010104883,-9.756726928763815
0,tau,tanh_deep,334.txt,-5.144184676763535,-9.566891086326965
0,tau,tanh_deep,197.txt,-7.931969225188876,-8.504410331700642
0,tau,tanh_deep,168.txt,-8.863954812884769,-9.374927264767521
0,tau,tanh_deep,064.txt,-9.414995129964499,-7.629592075927077
0,tau,tanh_deep,534.txt,-10.20333989664573,-11.248719463995723
0,tau,tanh_deep,298.txt,-6.184676718215833,-9.681499694789668
0,tau,tanh_deep,102.txt,-6.940252711151893,-9.165147701462002
0,tau,tanh_deep,605.txt,-9.43241010104883,-9.407994141928727
0,tau,tanh_deep,533.txt,-7.505268372684823,-9.27137589234788
0,tau,tanh_deep,210.txt,-9.32259578941683,-9.023204946084173
0,tau,tanh_deep,214.txt,-9.441253748732032,-9.345131582392032
0,tau,tanh_deep,352.txt,-9.795008872934874,-10.206347807329134
0,tau,tanh_deep,307.txt,-9.32259578941683,-8.992234290916382
0,tau,tanh_deep,057.txt,-2.4278613196859333,-3.344238708132721
0,tau,tanh_deep,006.txt,-9.98498748957809,-8.460072777985669
0,tau,tanh_deep,146.txt,-7.931969225188876,-9.595425372169574
0,tau,tanh_deep,360.txt,-9.53152747573926,-8.053436959156503
0,tau_v0,simple,515.txt,1.8177391836182721e-07,-9.432059232288914
0,tau_v0,simple,294.txt,0.3760245591601823,-9.125494036863557
0,tau_v0,simple,593.txt,6.370409078026995e-07,-8.896034429329157
0,tau_v0,simple,465.txt,0.23277402675599923,-9.675777072202772
0,tau_v0,simple,439.txt,-4.215668056861688e-07,-13.157031818157433
0,tau_v0,simple,537.txt,-1.6023746516324877e-06,-10.458447291017901
0,tau_v0,simple,167.txt,-3.8686387382469434e-07,-9.122237163580015
0,tau_v0,simple,521.txt,7.173848763919466e-07,-10.011977021215017
0,tau_v0,simple,059.txt,9.817479629248282e-08,-2.2876442409951183
0,tau_v0,simple,301.txt,-9.904625248857712e-07,-8.817674268058354
0,tau_v0,simple,099.txt,-4.019577644065464e-07,-9.9509459515522
0,tau_v0,simple,512.txt,0.37739867969477814,-8.944076704599892
0,tau_v0,simple,483.txt,-3.7483818160488624e-07,-6.868267876665566
0,tau_v0,simple,299.txt,-5.639376348121061e-07,-10.570297376797344
0,tau_v0,simple,248.txt,2.2785531312852214e-06,-8.913991954109953
0,tau_v0,simple,069.txt,0.1544623310208033,-9.102144193141847
0,tau_v0,simple,128.txt,0.30493384959180325,-9.196682260492606
0,tau_v0,simple,486.txt,7.95324410773901e-08,-9.669453564686426
0,tau_v0,simple,166.txt,1.188289060483072e-07,-11.284362813759019
0,tau_v0,simple,425.txt,1.0333626345726543e-06,-9.630791776096673
0,tau_v0,simple,303.txt,6.373638372636492e-07,-10.07507194819482
0,tau_v0,simple,297.txt,-6.37918752488531e-07,-10.185193206018374
0,tau_v0,simple,082.txt,8.390402745916958e-07,-7.050159317062002
0,tau_v0,simple,319.txt,-1.3061677650583192e-06,-10.16642310778967
0,tau_v0,simple,209.txt,-1.5239791584242823e-07,-9.775369282055692
0,tau_v0,simple,585.txt,-4.874708257052163e-07,-8.751643275241506
0,tau_v0,simple,235.txt,5.116154655482319e-08,-9.353968765315884
0,tau_v0,simple,435.txt,-6.345200129764805e-07,-10.998651772976693
0,tau_v0,simple,379.txt,-1.1291899477683387e-06,-9.754769818535012
0,tau_v0,simple,266.txt,1.2016442534346083e-06,-8.418160835212433
0,tau_v0,simple,037.txt,4.319403614377581,-3.1018173433476988
0,tau_v0,simple,410.txt,1.3986683371491893e-06,-10.936598050575125
0,tau_v0,simple,341.txt,-4.2862295757117863e-07,-10.81451854237116
0,tau_v0,simple,520.txt,0.16808396187444785,-9.62675111624913
0,tau_v0,simple,127.txt,-9.480455844812496e-07,-9.242830235689844
0,tau_v0,simple,402.txt,-4.686606618342637e-07,-8.796306784055067
0,tau_v0,simple,046.txt,1.2318824764261294,-4.707262716101255
0,tau_v0,simple,339.txt,-7.508934116717825e-07,-9.447360208079148
0,tau_v0,simple,566.txt,-5.761217136246444e-06,-9.860742925612449
0,tau_v0,simple,027.txt,1.819062433680434,-3.5031455122357857
0,tau_v0,simple,155.txt,-4.993082862725373e-07,-7.701536551926105
0,tau_v0,simple,493.txt,-5.886581926128898e-06,-9.685437643105438
0,tau_v0,simple,429.txt,0.3632340152358551,-11.360982276219541
0,tau_v0,simple,211.txt,3.291076067224452e-07,-9.276144964248253
0,tau_v0,simple,467.txt,-8.968643900875151e-07,-10.165638101749874
0,tau_v0,simple,141.txt,-6.500576399393054e-07,-10.945333156463132
0,tau_v0,simple,376.txt,3.092748519506472e-07,-9.563829432222862
0,tau_v0,simple,293.txt,-5.775977962585443e-07,-8.614088538275974
0,tau_v0,simple,124.txt,4.7326920782353454e-07,-9.079329855758886
0,tau_v0,simple,078.txt,-6.220956259239685e-06,-10.26143324699038
0,tau_v0,simple,218.txt,-4.259088841607195e-07,-9.148987760879884
0,tau_v0,simple,495.txt,4.2118609888674996e-07,-11.647170340801292
0,tau_v0,simple,335.txt,1.6296990852371351e-06,-9.821874118329676
0,tau_v0,simple,110.txt,6.676178090359031e-07,-8.916138411847838
0,tau_v0,simple,328.txt,-1.077418780415229e-06,-10.731005962108068
0,tau_v0,simple,277.txt,-4.1481524037934037e-07,-9.568137235619037
0,tau_v0,simple,163.txt,-4.054640549977506e-07,-8.72027670515739
0,tau_v0,simple,468.txt,-1.0218367991754462e-06,-10.510302852475794
0,tau_v0,simple,013.txt,-2.505344263603604e-06,-8.788508136953457
0,tau_v0,simple,019.txt,8.54078885392795e-08,-6.046468130162057
0,tau_v0,simple,287.txt,-3.7782188755386414e-07,-8.098008442499445
0,tau_v0,simple,164.txt,3.2581740274650883e-06,-7.1430758242454
0,tau_v0,simple,474.txt,3.9748033398012694e-07,-10.035762493743784
0,tau_v0,simple,407.txt,-2.6852130008414576e-07,-10.590903269848717
0,tau_v0,simple,577.txt,8.746919730739933e-07,-9.017413886854511
0,tau_v0,simple,484.txt,-7.35698287623876e-07,-10.370046989644045
0,tau_v0,simple,604.txt,0.6874065936947602,-8.70983375156192
0,tau_v0,simple,095.txt,3.302580824371404e-07,-8.974508462717132
0,tau_v0,simple,121.txt,-1.307366578551239e-06,-9.273461295933645
0,tau_v0,simple,586.txt,-5.635662234659833e-07,-11.772298068130956
0,tau_v0,simple,452.txt,-1.049314032108839e-06,-11.182805716547357
0,tau_v0,simple,440.txt,-1.9736742720155576e-06,-10.686199968375288
0,tau_v0,simple,055.txt,3.2555059331035316,-4.262111599904422
0,tau_v0,simple,508.txt,1.2834928491134434e-06,-9.756726928763815
0,tau_v0,simple,334.txt,0.15077724864665099,-9.566891086326965
0,tau_v0,simple,197.txt,-7.503937649033787e-08,-8.504410331700642
0,tau_v0,simple,168.txt,-1.520302926438788e-06,-9.374927264767521
0,tau_v0,simple,064.txt,8.837444649412163e-07,-7.629592075927077
0,tau_v0,simple,534.txt,2.6552929710543793e-06,-11.248719463995723
0,tau_v0,simple,298.txt,0.04964959946665992,-9.681499694789668
0,tau_v0,simple,102.txt,0.18375359392284762,-9.165147701462002
0,tau_v0,simple,605.txt,9.86085894716382e-07,-9.407994141928727
0,tau_v0,simple,533.txt,4.31176844006842e-07,-9.27137589234788
0,tau_v0,simple,210.txt,-2.536359626770235e-07,-9.023204946084173
0,tau_v0,simple,214.txt,-8.272801244046946e-08,-9.345131582392032
0,tau_v0,simple,352.txt,3.002955876185709e-06,-10.206347807329134
0,tau_v0,simple,307.txt,5.433463030612984e-07,-8.992234290916382
0,tau_v0,simple,057.txt,0.8057887666436425,-3.344238708132721
0,tau_v0,simple,006.txt,-3.0632166474475753e-06,-8.460072777985669
0,tau_v0,simple,146.txt,-2.052186578449522e-06,-9.595425372169574
0,tau_v0,simple,360.txt,1.0963397072405456e-06,-8.053436959156503
0,tau_v0,media,515.txt,-9.316702514766485,-9.432059232288914
0,tau_v0,media,294.txt,-4.685363277010591,-9.125494036863557
0,tau_v0,media,593.txt,-9.33363948441225,-8.896034429329157
0,tau_v0,media,465.txt,-5.248111967731883,-9.675777072202772
0,tau_v0,media,439.txt,-10.244918206170363,-13.157031818157433
0,tau_v0,media,537.txt,-9.312070414833418,-10.458447291017901
0,tau_v0,media,167.txt,-8.280478777290975,-9.122237163580015
0,tau_v0,media,521.txt,-8.101957560083449,-10.011977021215017
0,tau_v0,media,059.txt,-7.1315179748212145,-2.2876442409951183
0,tau_v0,media,301.txt,-7.418423178404755,-8.817674268058354
0,tau_v0,media,099.txt,-7.737412089386326,-9.9509459515522
0,tau_v0,media,512.txt,-4.680752292025055,-8.944076704599892
0,tau_v0,media,483.txt,-9.177365896312448,-6.868267876665566
0,tau_v0,media,299.txt,-8.76167567686454,-10.570297376797344
0,tau_v0,media,248.txt,-9.039858695890826,-8.913991954109953
0,tau_v0,media,069.txt,-5.410480503592057,-9.102144193141847
0,tau_v0,media,128.txt,-4.954367889515142,-9.196682260492606
0,tau_v0,media,486.txt,-8.220279459721088,-9.669453564686426
0,tau_v0,media,166.txt,-7.884606565222718,-11.284362813759019
0,tau_v0,media,425.txt,-9.181955981058284,-9.630791776096673
0,tau_v0,media,303.txt,-9.452971146334859,-10.07507194819482
0,tau_v0,media,297.txt,-8.66704838182983,-10.185193206018374
0,tau_v0,media,082.txt,-8.071090734614954,-7.050159317062002
0,tau_v0,media,319.txt,-8.77946237519628,-10.16642310778967
0,tau_v0,media,209.txt,-9.594481961029294,-9.775369282055692
0,tau_v0,media,585.txt,-9.561110228678022,-8.751643275241506
0,tau_v0,media,235.txt,-7.397787357177716,-9.353968765315884
0,tau_v0,media,435.txt,-8.826623141711954,-10.998651772976693
0,tau_v0,media,379.txt,-7.583273456373701,-9.754769818535012
0,tau_v0,media,266.txt,-7.657594952179483,-8.418160835212433
0,tau_v0,media,037.txt,4.59637111638704,-3.1018173433476988
0,tau_v0,media,410.txt,-8.902870269433109,-10.936598050575125
0,tau_v0,media,341.txt,-8.753189577630254,-10.81451854237116
0,tau_v0,media,520.txt,-5.521341066576522,-9.62675111624913
0,tau_v0,media,127.txt,-8.686188178631125,-9.242830235689844
0,tau_v0,media,402.txt,-8.12149532376133,-8.796306784055067
0,tau_v0,media,046.txt,-2.1193652232477187,-4.707262716101255
0,tau_v0,media,339.txt,-8.793204388771546,-9.447360208079148
0,tau_v0,media,566.txt,-11.012713997771005,-9.860742925612449
0,tau_v0,media,027.txt,-0.611917706928744,-3.5031455122357857
0,tau_v0,media,155.txt,-9.492255408934694,-7.701536551926105
0,tau_v0,media,493.txt,-10.638714512083977,-9.685437643105438
0,tau_v0,media,429.txt,-4.728305008858233,-11.360982276219541
0,tau_v0,media,211.txt,-9.009911532099823,-9.276144964248253
0,tau_v0,media,467.txt,-9.564659754225765,-10.165638101749874
0,tau_v0,media,141.txt,-9.47436762200378,-10.945333156463132
0,tau_v0,media,376.txt,-7.152227975829766,-9.563829432222862
0,tau_v0,media,293.txt,-6.38179292604471,-8.614088538275974
0,tau_v0,media,124.txt,-9.1864953854254,-9.079329855758886
0,tau_v0,media,078.txt,-11.140947674850713,-10.26143324699038
0,tau_v0,media,218.txt,-8.978715705443143,-9.148987760879884
0,tau_v0,media,495.txt,-9.579733839510768,-11.647170340801292
0,tau_v0,media,335.txt,-8.455783198549739,-9.821874118329676
0,tau_v0,media,110.txt,-7.162661368998684,-8.916138411847838
0,tau_v0,media,328.txt,-9.30106134505309,-10.731005962108068
0,tau_v0,media,277.txt,-8.303314731458116,-9.568137235619037
0,tau_v0,media,163.txt,-9.23195217719254,-8.72027670515739
0,tau_v0,media,468.txt,-8.433406929741835,-10.510302852475794
0,tau_v0,media,013.txt,-8.006428879389397,-8.788508136953457
0,tau_v0,media,019.txt,-9.425620743430507,-6.046468130162057
0,tau_v0,media,287.txt,-9.443556662532327,-8.098008442499445
0,tau_v0,media,164.txt,-11.081963649441805,-7.1430758242454
0,tau_v0,media,474.txt,-7.557548043200065,-10.035762493743784
0,tau_v0,media,407.txt,-9.846086732850505,-10.590903269848717
0,tau_v0,media,577.txt,-9.44235015799212,-9.017413886854511
0,tau_v0,media,484.txt,-8.081323231246131,-10.370046989644045
0,tau_v0,media,604.txt,-3.6685757593179167,-8.70983375156192
0,tau_v0,media,095.txt,-10.460353333258297,-8.974508462717132
0,tau_v0,media,121.txt,-8.871410560654162,-9.273461295933645
0,tau_v0,media,586.txt,-9.563941867741638,-11.772298068130956
0,tau_v0,media,452.txt,-8.007922333088647,-11.182805716547357
0,tau_v0,media,440.txt,-8.648125795901512,-10.686199968375288
0,tau_v0,media,055.txt,2.8240439869289236,-4.262111599904422
0,tau_v0,media,508.txt,-9.337674061908773,-9.756726928763815
0,tau_v0,media,334.txt,-5.593814100453037,-9.566891086326965
0,tau_v0,media,197.txt,-8.199562928431403,-8.504410331700642
0,tau_v0,media,168.txt,-8.222769967788139,-9.374927264767521
0,tau_v0,media,064.txt,-9.005175860272333,-7.629592075927077
0,tau_v0,media,534.txt,-8.713757235422428,-11.248719463995723
0,tau_v0,media,298.txt,-6.193515231077078,-9.681499694789668
0,tau_v0,media,102.txt,-5.3663565591497,-9.165147701462002
0,tau_v0,media,605.txt,-9.136128318577121,-9.407994141928727
0,tau_v0,media,533.txt,-7.626684309260669,-9.27137589234788
0,tau_v0,media,210.txt,-9.336091132131205,-9.023204946084173
0,tau_v0,media,214.txt,-9.551329075942338,-9.345131582392032
0,tau_v0,media,352.txt,-9.636094217602535,-10.206347807329134
0,tau_v0,media,307.txt,-9.085615177251974,-8.992234290916382
0,tau_v0,media,057.txt,-3.315659237822353,-3.344238708132721
0,tau_v0,media,006.txt,-10.04469628732103,-8.460072777985669
0,tau_v0,media,146.txt,-7.435089593458492,-9.595425372169574
0,tau_v0,media,360.txt,-8.22700380074638,-8.053436959156503
0,tau_v0,tanh_deep,515.txt,-9.859687303050851,-9.432059232288914
0,tau_v0,tanh_deep,294.txt,-0.5848689314065689,-9.125494036863557
0,tau_v0,tanh_deep,593.txt,-11.94932241466067,-8.896034429329157
0,tau_v0,tanh_deep,465.txt,-8.20503222529369,-9.675777072202772
0,tau_v0,tanh_deep,439.txt,-10.306862414982806,-13.157031818157433
0,tau_v0,tanh_deep,537.txt,-8.530336565899956,-10.458447291017901
0,tau_v0,tanh_deep,167.txt,-9.012844900528552,-9.122237163580015
0,tau_v0,tanh_deep,521.txt,-9.582972889200601,-10.011977021215017
0,tau_v0,tanh_deep,059.txt,-4.309876632943144,-2.2876442409951183
0,tau_v0,tanh_deep,301.txt,-9.364126970684328,-8.817674268058354
0,tau_v0,tanh_deep,099.txt,-9.059719900336127,-9.9509459515522
0,tau_v0,tanh_deep,512.txt,-0.24448072390452946,-8.944076704599892
0,tau_v0,tanh_deep,483.txt,-9.481103896977897,-6.868267876665566
0,tau_v0,tanh_deep,299.txt,-9.849905989633971,-10.570297376797344
0,tau_v0,tanh_deep,248.txt,-9.804652482245132,-8.913991954109953
0,tau_v0,tanh_deep,069.txt,-5.612892410035968,-9.102144193141847
0,tau_v0,tanh_deep,128.txt,-6.51771044821794,-9.196682260492606
0,tau_v0,tanh_deep,486.txt,-7.524443911522352,-9.669453564686426
0,tau_v0,tanh_deep,166.txt,-8.498920663028027,-11.284362813759019
0,tau_v0,tanh_deep,425.txt,-9.119065687780601,-9.630791776096673
0,tau_v0,tanh_deep,303.txt,-12.791622858514138,-10.07507194819482
0,tau_v0,tanh_deep,297.txt,-9.441864498267549,-10.185193206018374
0,tau_v0,tanh_deep,082.txt,-9.40299002329925,-7.050159317062002
0,tau_v0,tanh_deep,319.txt,-9.37328072214595,-10.16642310778967
0,tau_v0,tanh_deep,209.txt,-11.347047440317496,-9.775369282055692
0,tau_v0,tanh_deep,585.txt,-14.148944077284657,-8.751643275241506
0,tau_v0,tanh_deep,235.txt,-8.73958713631922,-9.353968765315884
0,tau_v0,tanh_deep,435.txt,-9.198773407180399,-10.998651772976693
0,tau_v0,tanh_deep,379.txt,-9.320411552755091,-9.754769818535012
0,tau_v0,tanh_deep,266.txt,-9.401291677382277,-8.418160835212433
0,tau_v0,tanh_deep,037.txt,0.46647501937560065,-3.1018173433476988
0,tau_v0,tanh_deep,410.txt,-9.407617254025764,-10.936598050575125
0,tau_v0,tanh_deep,341.txt,-9.656230729829927,-10.81451854237116
0,tau_v0,tanh_deep,520.txt,-3.4219926599022825,-9.62675111624913
0,tau_v0,tanh_deep,127.txt,-9.234454772865032,-9.242830235689844
0,tau_v0,tanh_deep,402.txt,-9.408353441922198,-8.796306784055067
0,tau_v0,tanh_deep,046.txt,-0.46027249088052935,-4.707262716101255
0,tau_v0,tanh_deep,339.txt,-11.346748089562828,-9.447360208079148
0,tau_v0,tanh_deep,566.txt,-10.742323905938125,-9.860742925612449
0,tau_v0,tanh_deep,027.txt,-3.188706318739598,-3.5031455122357857
0,tau_v0,tanh_deep,155.txt,-8.286532164124607,-7.701536551926105
0,tau_v0,tanh_deep,493.txt,-9.171711462935217,-9.685437643105438
0,tau_v0,tanh_deep,429.txt,-6.481205736524513,-11.360982276219541
0,tau_v0,tanh_deep,211.txt,-10.047027574408371,-9.276144964248253
0,tau_v0,tanh_deep,467.txt,-7.894439339634864,-10.165638101749874
0,tau_v0,tanh_deep,141.txt,-9.757860378650614,-10.945333156463132
0,tau_v0,tanh_deep,376.txt,-4.47382490326005,-9.563829432222862
0,tau_v0,tanh_deep,293.txt,-6.857595454715296,-8.614088538275974
0,tau_v0,tanh_deep,124.txt,-9.135146153108282,-9.079329855758886
0,tau_v0,tanh_deep,078.txt,-9.37385971228905,-10.26143324699038
0,tau_v0,tanh_deep,218.txt,-9.598211413339822,-9.148987760879884
0,tau_v0,tanh_deep,495.txt,-7.825508595648089,-11.647170340801292
0,tau_v0,tanh_deep,335.txt,-9.385224957496654,-9.821874118329676
0,tau_v0,tanh_deep,110.txt,-6.2490044310494826,-8.916138411847838
0,tau_v0,tanh_deep,328.txt,-9.874494378393337,-10.731005962108068
0,tau_v0,tanh_deep,277.txt,-7.433216944745071,-9.568137235619037
0,tau_v0,tanh_deep,163.txt,-10.32506784239793,-8.72027670515739
0,tau_v0,tanh_deep,468.txt,-9.525393851790135,-10.510302852475794
0,tau_v0,tanh_deep,013.txt,-9.867543994364787,-8.788508136953457
0,tau_v0,tanh_deep,019.txt,-7.520365803405467,-6.046468130162057
0,tau_v0,tanh_deep,287.txt,-9.7971086703499,-8.098008442499445
0,tau_v0,tanh_deep,164.txt,-10.300305825285163,-7.1430758242454
0,tau_v0,tanh_deep,474.txt,-9.206322454586825,-10.035762493743784
0,tau_v0,tanh_deep,407.txt,-9.603687206613921,-10.590903269848717
0,tau_v0,tanh_deep,577.txt,-10.216879223108064,-9.017413886854511
0,tau_v0,tanh_deep,484.txt,-9.560179092395686,-10.370046989644045
0,tau_v0,tanh_deep,604.txt,-5.699617231450185,-8.70983375156192
0,tau_v0,tanh_deep,095.txt,-9.924448781500146,-8.974508462717132
0,tau_v0,tanh_deep,121.txt,-9.282060961372167,-9.273461295933645
0,tau_v0,tanh_deep,586.txt,-8.902281069181898,-11.772298068130956
0,tau_v0,tanh_deep,452.txt,-9.434105575361988,-11.182805716547357
0,tau_v0,tanh_deep,440.txt,-10.06643820081155,-10.686199968375288
0,tau_v0,tanh_deep,055.txt,4.951083471531957,-4.262111599904422
0,tau_v0,tanh_deep,508.txt,-9.272471942758791,-9.756726928763815
0,tau_v0,tanh_deep,334.txt,-6.162973905128158,-9.566891086326965
0,tau_v0,tanh_deep,197.txt,-5.344862877608027,-8.504410331700642
0,tau_v0,tanh_deep,168.txt,-9.552284630097406,-9.374927264767521
0,tau_v0,tanh_deep,064.txt,-9.182111428788014,-7.629592075927077
0,tau_v0,tanh_deep,534.txt,-10.363934262690691,-11.248719463995723
0,tau_v0,tanh_deep,298.txt,-9.119778096331368,-9.681499694789668
0,tau_v0,tanh_deep,102.txt,-4.968876346962695,-9.165147701462002
0,tau_v0,tanh_deep,605.txt,-9.758199777265432,-9.407994141928727
0,tau_v0,tanh_deep,533.txt,-9.494404124568367,-9.27137589234788
0,tau_v0,tanh_deep,210.txt,-11.559417787226746,-9.023204946084173
0,tau_v0,tanh_deep,214.txt,-8.116147539293532,-9.345131582392032
0,tau_v0,tanh_deep,352.txt,-14.016607650951698,-10.206347807329134
0,tau_v0,tanh_deep,307.txt,-9.508569879917001,-8.992234290916382
0,tau_v0,tanh_deep,057.txt,-5.648668834579989,-3.344238708132721
0,tau_v0,tanh_deep,006.txt,-9.495320632120192,-8.460072777985669
0,tau_v0,tanh_deep,146.txt,-8.863499512749156,-9.595425372169574
0,tau_v0,tanh_deep,360.txt,-2.7735912032677845,-8.053436959156503
1,v1,simple,492.txt,-1.716067029211674e-14,-9.510808320103052
1,v1,simple,192.txt,-4.154622779363808e-15,-9.371793957740481
1,v1,simple,233.txt,6.8511857538854255e-15,-9.985591956943061
1,v1,simple,246.txt,-1.2776500005324362e-14,-8.975632752313944
1,v1,simple,017.txt,4.841564905589183e-15,-9.36810887579023
1,v1,simple,208.txt,-5.9524568361738734e-15,-8.21056979416217
1,v1,simple,590.txt,-4.154622779363808e-15,-9.695310701152469
1,v1,simple,384.txt,6.86961368093966e-15,-8.275427782021643
1,v1,simple,503.txt,1.511351881481617e-14,-9.901422754913472
1,v1,simple,283.txt,6.670851187569763e-15,-9.227267625816731
1,v1,simple,172.txt,2.0213807952735915e-15,-9.334424719138775
1,v1,simple,581.txt,1.8735028649206e-14,-10.985302885440328
1,v1,simple,056.txt,-1.2776500005324362e-14,-4.11582119450276
1,v1,simple,508.txt,6.86961368093966e-15,-9.756726928763815
1,v1,simple,222.txt,-1.1673204906485006e-15,-8.533857860135962
1,v1,simple,379.txt,-1.2776500005324362e-14,-9.754769818535012
1,v1,simple,535.txt,-4.1764478692710206e-15,-11.277861457125718
1,v1,simple,569.txt,-1.2776500005324362e-14,-8.19891093432683
1,v1,simple,045.txt,-1.8937159828160325e-15,-4.435256860822937
1,v1,simple,447.txt,-4.154622779363808e-15,-9.497773780442726
1,v1,simple,326.txt,-1.716067029211674e-14,-8.714855707841107
1,v1,simple,124.txt,6.8511857538854255e-15,-9.079329855758886
1,v1,simple,264.txt,6.670851187569763e-15,-8.77018106839408
1,v1,simple,040.txt,1.1884969183466619e-17,-3.613164731227659
1,v1,simple,389.txt,-4.154622779363808e-15,-9.698915592044562
1,v1,simple,337.txt,-5.9524568361738734e-15,-9.892620951418115
1,v1,simple,470.txt,-4.397411421762483e-15,-10.0861434845821
1,v1,simple,417.txt,2.9886125670811924e-15,-10.659726624906227
1,v1,simple,349.txt,6.86961368093966e-15,-9.502892799790226
1,v1,simple,279.txt,-1.2776500005324362e-14,-8.510522347176977
1,v1,simple,270.txt,3.918898521294396e-14,-8.310094378503711
1,v1,simple,414.txt,-3.392901643163407e-14,-6.958462436643061
1,v1,simple,475.txt,-5.9524568361738734e-15,-8.716735727213267
1,v1,simple,104.txt,2.4269095460297365e-14,-9.350836260814896
1,v1,simple,169.txt,5.401839852007151e-15,-6.442872660510799
1,v1,simple,546.txt,1.511351881481617e-14,-9.07301071630643
1,v1,simple,465.txt,2.9886125670811924e-15,-9.675777072202772
1,v1,simple,307.txt,-2.018234532252544e-14,-8.992234290916382
1,v1,simple,408.txt,5.401839852007151e-15,-10.926833686470301
1,v1,simple,024.txt,3.4712353245091514e-15,-2.570660198951635
1,v1,simple,382.txt,2.3524206745186812e-15,-9.192063302907627
1,v1,simple,232.txt,-1.4636534269902738e-15,-11.14640156456615
1,v1,simple,266.txt,-1.716067029211674e-14,-8.418160835212433
1,v1,simple,281.txt,-1.1673204906485006e-15,-8.510249410843453
1,v1,simple,600.txt,6.8511857538854255e-15,-9.658414338220634
1,v1,simple,522.txt,2.9886125670811924e-15,-9.93551775760649
1,v1,simple,319.txt,-1.1673204906485006e-15,-10.16642310778967
1,v1,simple,381.txt,-1.2776500005324362e-14,-10.491836866261684
1,v1,simple,151.txt,2.4269095460297365e-14,-10.467214717387247
1,v1,simple,141.txt,4.841564905589183e-15,-10.945333156463132
1,v1,simple,052.txt,5.110907671007111e-16,-2.7310925771506573
1,v1,simple,502.txt,-4.154622779363808e-15,-9.170470214495761
1,v1,simple,306.txt,1.511351881481617e-14,-8.265232105193148
1,v1,simple,215.txt,6.86961368093966e-15,-11.057963900511531
1,v1,simple,171.txt,1.511351881481617e-14,-9.47736039229968
1,v1,simple,102.txt,2.0213807952735915e-15,-9.165147701462002
1,v1,simple,524.txt,-6.666925667527025e-15,-9.756560025512067
1,v1,simple,195.txt,4.841564905589183e-15,-7.0371434567866205
1,v1,simple,423.txt,6.86961368093966e-15,-8.137598874570354
1,v1,simple,188.txt,5.401839852007151e-15,-9.48896770082437
1,v1,simple,070.txt,6.8511857538854255e-15,-8.713238098960275
1,v1,simple,242.txt,2.9886125670811924e-15,-9.01248502800098
1,v1,simple,173.txt,4.841564905589183e-15,-8.677508470077505
1,v1,simple,505.txt,-1.1673204906485006e-15,-9.66903890902489
1,v1,simple,291.txt,-1.1673204906485006e-15,-7.811059329950348
1,v1,simple,010.txt,5.401839852007151e-15,-5.218976142456145
1,v1,simple,483.txt,5.401839852007151e-15,-6.868267876665566
1,v1,simple,037.txt,-1.8937159828160325e-15,-3.1018173433476988
1,v1,simple,152.txt,-4.154622779363808e-15,-9.359127698357797
1,v1,simple,272.txt,-4.397411421762483e-15,-10.353054034003424
1,v1,simple,121.txt,6.8511857538854255e-15,-9.273461295933645
1,v1,simple,419.txt,5.401839852007151e-15,-9.831986911738557
1,v1,simple,077.txt,2.4269095460297365e-14,-12.421892874515894
1,v1,simple,577.txt,6.8511857538854255e-15,-9.017413886854511
1,v1,simple,177.txt,-1.4636534269902738e-15,-9.203605497958849
1,v1,simple,245.txt,1.511351881481617e-14,-11.335179568522461
1,v1,simple,469.txt,4.841564905589183e-15,-10.207760694779184
1,v1,simple,129.txt,2.4269095460297365e-14,-11.86256207695867
1,v1,simple,312.txt,1.7645898760158901e-15,-8.281293291682397
1,v1,simple,165.txt,-4.1764478692710206e-15,-8.342565705199595
1,v1,simple,229.txt,-4.154622779363808e-15,-9.03450558685703
1,v1,simple,116.txt,6.86961368093966e-15,-8.736396493330378
1,v1,simple,340.txt,2.0213807952735915e-15,-8.87876999121261
1,v1,simple,397.txt,6.8511857538854255e-15,-9.429974041708814
1,v1,simple,493.txt,2.4269095460297365e-14,-9.685437643105438
1,v1,simple,137.txt,-1.1673204906485006e-15,-9.97784054182574
1,v1,simple,606.txt,-1.716067029211674e-14,-10.134246263408096
1,v1,simple,106.txt,1.511351881481617e-14,-9.991969202277966
1,v1,simple,439.txt,2.4269095460297365e-14,-13.157031818157433
1,v1,simple,155.txt,2.0378883483691746e-14,-7.701536551926105
1,v1,simple,041.txt,2.3524206745186812e-15,-2.119432827499776
1,v1,media,492.txt,-4.6521430219215176e-07,-9.510808320103052
1,v1,media,192.txt,0.20220099440579942,-9.371793957740481
1,v1,media,233.txt,2.190617052200139e-07,-9.985591956943061
1,v1,media,246.txt,-7.799318031409541e-07,-8.975632752313944
1,v1,media,017.txt,1.2785160722339484e-06,-9.36810887579023
1,v1,media,208.txt,8.415341716805358e-07,-8.21056979416217
1,v1,media,590.txt,0.20220099440579942,-9.695310701152469
1,v1,media,384.txt,6.277175284008507e-07,-8.275427782021643
1,v1,media,503.txt,-2.2047293479765528e-07,-9.901422754913472
1,v1,media,283.txt,8.696056470469671e-07,-9.227267625816731
1,v1,media,172.txt,0.061671125583677044,-9.334424719138775
1,v1,media,581.txt,2.0423222952814513e-06,-10.985302885440328
1,v1,media,056.txt,-7.799318031409541e-07,-4.11582119450276
1,v1,media,508.txt,6.277175284008507e-07,-9.756726928763815
1,v1,media,222.txt,-6.466373396740721e-07,-8.533857860135962
1,v1,media,379.txt,-7.799318031409541e-07,-9.754769818535012
1,v1,media,535.txt,1.4895793938318747e-06,-11.277861457125718
1,v1,media,569.txt,-7.799318031409541e-07,-8.19891093432683
1,v1,media,045.txt,3.082224022324019,-4.435256860822937
1,v1,media,447.txt,0.20220099440579942,-9.497773780442726
1,v1,media,326.txt,-4.6521430219215176e-07,-8.714855707841107
1,v1,media,124.txt,2.190617052200139e-07,-9.079329855758886
1,v1,media,264.txt,8.696056470469671e-07,-8.77018106839408
1,v1,media,040.txt,1.9422245256450341,-3.613164731227659
1,v1,media,389.txt,0.20220099440579942,-9.698915592044562
1,v1,media,337.txt,8.415341716805358e-07,-9.892620951418115
1,v1,media,470.txt,-8.645871198975641e-07,-10.0861434845821
1,v1,media,417.txt,0.39276527105390424,-10.659726624906227
1,v1,media,349.txt,6.277175284008507e-07,-9.502892799790226
1,v1,media,279.txt,-7.799318031409541e-07,-8.510522347176977
1,v1,media,270.txt,1.5604200306329474e-06,-8.310094378503711
1,v1,media,414.txt,2.1668777694383579e-07,-6.958462436643061
1,v1,media,475.txt,8.415341716805358e-07,-8.716735727213267
1,v1,media,104.txt,1.741450544545664e-06,-9.350836260814896
1,v1,media,169.txt,1.043174523429613e-06,-6.442872660510799
1,v1,media,546.txt,-2.2047293479765528e-07,-9.07301071630643
1,v1,media,465.txt,0.39276527105390424,-9.675777072202772
1,v1,media,307.txt,-2.2701038426831133e-07,-8.992234290916382
1,v1,media,408.txt,1.043174523429613e-06,-10.926833686470301
1,v1,media,024.txt,0.8459283347810631,-2.570660198951635
1,v1,media,382.txt,-7.858228563417669e-07,-9.192063302907627
1,v1,media,232.txt,-8.089722622894868e-07,-11.14640156456615
1,v1,media,266.txt,-4.6521430219215176e-07,-8.418160835212433
1,v1,media,281.txt,-6.466373396740721e-07,-8.510249410843453
1,v1,media,600.txt,2.190617052200139e-07,-9.658414338220634
1,v1,media,522.txt,0.39276527105390424,-9.93551775760649
1,v1,media,319.txt,-6.466373396740721e-07,-10.16642310778967
1,v1,media,381.txt,-7.799318031409541e-07,-10.491836866261684
1,v1,media,151.txt,1.741450544545664e-06,-10.467214717387247
1,v1,media,141.txt,1.2785160722339484e-06,-10.945333156463132
1,v1,media,052.txt,2.9308601820179843,-2.7310925771506573
1,v1,media,502.txt,0.20220099440579942,-9.170470214495761
1,v1,media,306.txt,-2.2047293479765528e-07,-8.265232105193148
1,v1,media,215.txt,6.277175284008507e-07,-11.057963900511531
1,v1,media,171.txt,-2.2047293479765528e-07,-9.47736039229968
1,v1,media,102.txt,0.061671125583677044,-9.165147701462002
1,v1,media,524.txt,0.6123850535141566,-9.756560025512067
1,v1,media,195.txt,1.2785160722339484e-06,-7.0371434567866205
1,v1,media,423.txt,6.277175284008507e-07,-8.137598874570354
1,v1,media,188.txt,1.043174523429613e-06,-9.48896770082437
1,v1,media,070.txt,2.190617052200139e-07,-8.713238098960275
1,v1,media,242.txt,0.39276527105390424,-9.01248502800098
1,v1,media,173.txt,1.2785160722339484e-06,-8.677508470077505
1,v1,media,505.txt,-6.466373396740721e-07,-9.66903890902489
1,v1,media,291.txt,-6.466373396740721e-07,-7.811059329950348
1,v1,media,010.txt,1.043174523429613e-06,-5.218976142456145
1,v1,media,483.txt,1.043174523429613e-06,-6.868267876665566
1,v1,media,037.txt,3.082224022324019,-3.1018173433476988
1,v1,media,152.txt,0.20220099440579942,-9.359127698357797
1,v1,media,272.txt,-8.645871198975641e-07,-10.353054034003424
1,v1,media,121.txt,2.190617052200139e-07,-9.273461295933645
1,v1,media,419.txt,1.043174523429613e-06,-9.831986911738557
1,v1,media,077.txt,1.741450544545664e-06,-12.421892874515894
1,v1,media,577.txt,2.190617052200139e-07,-9.017413886854511
1,v1,media,177.txt,-8.089722622894868e-07,-9.203605497958849
1,v1,media,245.txt,-2.2047293479765528e-07,-11.335179568522461
1,v1,media,469.txt,1.2785160722339484e-06,-10.207760694779184
1,v1,media,129.txt,1.741450544545664e-06,-11.86256207695867
1,v1,media,312.txt,0.21183356388670416,-8.281293291682397
1,v1,media,165.txt,1.4895793938318747e-06,-8.342565705199595
1,v1,media,229.txt,0.20220099440579942,-9.03450558685703
1,v1,media,116.txt,6.277175284008507e-07,-8.736396493330378
1,v1,media,340.txt,0.061671125583677044,-8.87876999121261
1,v1,media,397.txt,2.190617052200139e-07,-9.429974041708814
1,v1,media,493.txt,1.741450544545664e-06,-9.685437643105438
1,v1,media,137.txt,-6.466373396740721e-07,-9.97784054182574
1,v1,media,606.txt,-4.6521430219215176e-07,-10.134246263408096
1,v1,media,106.txt,-2.2047293479765528e-07,-9.991969202277966
1,v1,media,439.txt,1.741450544545664e-06,-13.157031818157433
1,v1,media,155.txt,1.5167565541318595e-06,-7.701536551926105
1,v1,media,041.txt,-7.858228563417669e-07,-2.119432827499776
1,v1,tanh_deep,492.txt,-2.046783836370418,-9.510808320103052
1,v1,tanh_deep,192.txt,-1.0915771696187155,-9.371793957740481
1,v1,tanh_deep,233.txt,-2.8348737724521085,-9.985591956943061
1,v1,tanh_deep,246.txt,-1.7575103261600165,-8.975632752313944
1,v1,tanh_deep,017.txt,-7.028389574505706,-9.36810887579023
1,v1,tanh_deep,208.txt,-3.5872374885848948,-8.21056979416217
1,v1,tanh_deep,590.txt,-1.0915771696187155,-9.695310701152469
1,v1,tanh_deep,384.txt,-3.2234132636979966,-8.275427782021643
1,v1,tanh_deep,503.txt,-2.729176369451926,-9.901422754913472
1,v1,tanh_deep,283.txt,-2.977884753139275,-9.227267625816731
1,v1,tanh_deep,172.txt,-1.4351863141703414,-9.334424719138775
1,v1,tanh_deep,581.txt,-9.688061361517939,-10.985302885440328
1,v1,tanh_deep,056.txt,-1.7575103261600165,-4.11582119450276
1,v1,tanh_deep,508.txt,-3.2234132636979966,-9.756726928763815
1,v1,tanh_deep,222.txt,-2.611573975241149,-8.533857860135962
1,v1,tanh_deep,379.txt,-1.7575103261600165,-9.754769818535012
1,v1,tanh_deep,535.txt,-7.927814474518027,-11.277861457125718
1,v1,tanh_deep,569.txt,-1.7575103261600165,-8.19891093432683
1,v1,tanh_deep,045.txt,3.446939668087062,-4.435256860822937
1,v1,tanh_deep,447.txt,-1.0915771696187155,-9.497773780442726
1,v1,tanh_deep,326.txt,-2.046783836370418,-8.714855707841107
1,v1,tanh_deep,124.txt,-2.8348737724521085,-9.079329855758886
1,v1,tanh_deep,264.txt,-2.977884753139275,-8.77018106839408
1,v1,tanh_deep,040.txt,1.5239896268474231,-3.613164731227659
1,v1,tanh_deep,389.txt,-1.0915771696187155,-9.698915592044562
1,v1,tanh_deep,337.txt,-3.5872374885848948,-9.892620951418115
1,v1,tanh_deep,470.txt,-2.2911540556398915,-10.0861434845821
1,v1,tanh_deep,417.txt,-0.7371699449775471,-10.659726624906227
1,v1,tanh_deep,349.txt,-3.2234132636979966,-9.502892799790226
1,v1,tanh_deep,279.txt,-1.7575103261600165,-8.510522347176977
1,v1,tanh_deep,270.txt,-11.017727165181867,-8.310094378503711
1,v1,tanh_deep,414.txt,-6.1690354372829175,-6.958462436643061
1,v1,tanh_deep,475.txt,-3.5872374885848948,-8.716735727213267
1,v1,tanh_deep,104.txt,-8.83054645550615,-9.350836260814896
1,v1,tanh_deep,169.txt,-5.377024170274486,-6.442872660510799
1,v1,tanh_deep,546.txt,-2.729176369451926,-9.07301071630643
1,v1,tanh_deep,465.txt,-0.7371699449775471,-9.675777072202772
1,v1,tanh_deep,307.txt,-2.764904543871064,-8.992234290916382
1,v1,tanh_deep,408.txt,-5.377024170274486,-10.926833686470301
1,v1,tanh_deep,024.txt,-0.02894470664206361,-2.570660198951635
1,v1,tanh_deep,382.txt,-2.480865497763931,-9.192063302907627
1,v1,tanh_deep,232.txt,-2.6883829850185634,-11.14640156456615
1,v1,tanh_deep,266.txt,-2.046783836370418,-8.418160835212433
1,v1,tanh_deep,281.txt,-2.611573975241149,-8.510249410843453
1,v1,tanh_deep,600.txt,-2.8348737724521085,-9.658414338220634
1,v1,tanh_deep,522.txt,-0.7371699449775471,-9.93551775760649
1,v1,tanh_deep,319.txt,-2.611573975241149,-10.16642310778967
1,v1,tanh_deep,381.txt,-1.7575103261600165,-10.491836866261684
1,v1,tanh_deep,151.txt,-8.83054645550615,-10.467214717387247
1,v1,tanh_deep,141.txt,-7.028389574505706,-10.945333156463132
1,v1,tanh_deep,052.txt,3.101936674857602,-2.7310925771506573
1,v1,tanh_deep,502.txt,-1.0915771696187155,-9.170470214495761
1,v1,tanh_deep,306.txt,-2.729176369451926,-8.265232105193148
1,v1,tanh_deep,215.txt,-3.2234132636979966,-11.057963900511531
1,v1,tanh_deep,171.txt,-2.729176369451926,-9.47736039229968
1,v1,tanh_deep,102.txt,-1.4351863141703414,-9.165147701462002
1,v1,tanh_deep,524.txt,-0.3806732129216064,-9.756560025512067
1,v1,tanh_deep,195.txt,-7.028389574505706,-7.0371434567866205
1,v1,tanh_deep,423.txt,-3.2234132636979966,-8.137598874570354
1,v1,tanh_deep,188.txt,-5.377024170274486,-9.48896770082437
1,v1,tanh_deep,070.txt,-2.8348737724521085,-8.713238098960275
1,v1,tanh_deep,242.txt,-0.7371699449775471,-9.01248502800098
1,v1,tanh_deep,173.txt,-7.028389574505706,-8.677508470077505
1,v1,tanh_deep,505.txt,-2.611573975241149,-9.66903890902489
1,v1,tanh_deep,291.txt,-2.611573975241149,-7.811059329950348
1,v1,tanh_deep,010.txt,-5.377024170274486,-5.218976142456145
1,v1,tanh_deep,483.txt,-5.377024170274486,-6.868267876665566
1,v1,tanh_deep,037.txt,3.446939668087062,-3.1018173433476988
1,v1,tanh_deep,152.txt,-1.0915771696187155,-9.359127698357797
1,v1,tanh_deep,272.txt,-2.2911540556398915,-10.353054034003424
1,v1,tanh_deep,121.txt,-2.8348737724521085,-9.273461295933645
1,v1,tanh_deep,419.txt,-5.377024170274486,-9.831986911738557
1,v1,tanh_deep,077.txt,-8.83054645550615,-12.421892874515894
1,v1,tanh_deep,577.txt,-2.8348737724521085,-9.017413886854511
1,v1,tanh_deep,177.txt,-2.6883829850185634,-9.203605497958849
1,v1,tanh_deep,245.txt,-2.729176369451926,-11.335179568522461
1,v1,tanh_deep,469.txt,-7.028389574505706,-10.207760694779184
1,v1,tanh_deep,129.txt,-8.83054645550615,-11.86256207695867
1,v1,tanh_deep,312.txt,-0.9208838174875192,-8.281293291682397
1,v1,tanh_deep,165.txt,-7.927814474518027,-8.342565705199595
1,v1,tanh_deep,229.txt,-1.0915771696187155,-9.03450558685703
1,v1,tanh_deep,116.txt,-3.2234132636979966,-8.736396493330378
1,v1,tanh_deep,340.txt,-1.4351863141703414,-8.87876999121261
1,v1,tanh_deep,397.txt,-2.8348737724521085,-9.429974041708814
1,v1,tanh_deep,493.txt,-8.83054645550615,-9.685437643105438
1,v1,tanh_deep,137.txt,-2.611573975241149,-9.97784054182574
1,v1,tanh_deep,606.txt,-2.046783836370418,-10.134246263408096
1,v1,tanh_deep,106.txt,-2.729176369451926,-9.991969202277966
1,v1,tanh_deep,439.txt,-8.83054645550615,-13.157031818157433
1,v1,tanh_deep,155.txt,-4.672871264583051,-7.701536551926105
1,v1,tanh_deep,041.txt,-2.480865497763931,-2.119432827499776
1,tau,simple,492.txt,-1.5745973547254266e-07,-9.510808320103052
1,tau,simple,192.txt,0.12005730656985447,-9.371793957740481
1,tau,simple,233.txt,1.1344567723003962e-06,-9.985591956943061
1,tau,simple,246.txt,-2.0398283417932817e-07,-8.975632752313944
1,tau,simple,017.txt,1.5838434666015644e-06,-9.36810887579023
1,tau,simple,208.txt,7.604893073054342e-07,-8.21056979416217
1,tau,simple,590.txt,0.12005730656985447,-9.695310701152469
1,tau,simple,384.txt,1.5039540910422033e-06,-8.275427782021643
1,tau,simple,503.txt,-6.335790292411048e-08,-9.901422754913472
1,tau,simple,283.txt,1.4586550378670182e-06,-9.227267625816731
1,tau,simple,172.txt,3.965172545861151e-07,-9.334424719138775
1,tau,simple,581.txt,3.5773519173609714e-06,-10.985302885440328
1,tau,simple,056.txt,-2.0398283417932817e-07,-4.11582119450276
1,tau,simple,508.txt,1.5039540910422033e-06,-9.756726928763815
1,tau,simple,222.txt,-3.7777707739827804e-07,-8.533857860135962
1,tau,simple,379.txt,-2.0398283417932817e-07,-9.754769818535012
1,tau,simple,535.txt,2.5373958132401953e-06,-11.277861457125718
1,tau,simple,569.txt,-2.0398283417932817e-07,-8.19891093432683
1,tau,simple,045.txt,4.2741469642079455,-4.435256860822937
1,tau,simple,447.txt,0.12005730656985447,-9.497773780442726
1,tau,simple,326.txt,-1.5745973547254266e-07,-8.714855707841107
1,tau,simple,124.txt,1.1344567723003962e-06,-9.079329855758886
1,tau,simple,264.txt,1.4586550378670182e-06,-8.77018106839408
1,tau,simple,040.txt,2.372432763774635,-3.613164731227659
1,tau,simple,389.txt,0.12005730656985447,-9.698915592044562
1,tau,simple,337.txt,7.604893073054342e-07,-9.892620951418115
1,tau,simple,470.txt,-3.990613381965602e-07,-10.0861434845821
1,tau,simple,417.txt,0.32876967313065153,-10.659726624906227
1,tau,simple,349.txt,1.5039540910422033e-06,-9.502892799790226
1,tau,simple,279.txt,-2.0398283417932817e-07,-8.510522347176977
1,tau,simple,270.txt,4.041438055990554e-06,-8.310094378503711
1,tau,simple,414.txt,1.6716764790203342e-06,-6.958462436643061
1,tau,simple,475.txt,7.604893073054342e-07,-8.716735727213267
1,tau,simple,104.txt,1.3406631020895787e-06,-9.350836260814896
1,tau,simple,169.txt,4.580660952768767e-07,-6.442872660510799
1,tau,simple,546.txt,-6.335790292411048e-08,-9.07301071630643
1,tau,simple,465.txt,0.32876967313065153,-9.675777072202772
1,tau,simple,307.txt,6.543121091606707e-07,-8.992234290916382
1,tau,simple,408.txt,4.580660952768767e-07,-10.926833686470301
1,tau,simple,024.txt,0.888377868718691,-2.570660198951635
1,tau,simple,382.txt,-3.084904685035639e-07,-9.192063302907627
1,tau,simple,232.txt,-1.4826765148967525e-07,-11.14640156456615
1,tau,simple,266.txt,-1.5745973547254266e-07,-8.418160835212433
1,tau,simple,281.txt,-3.7777707739827804e-07,-8.510249410843453
1,tau,simple,600.txt,1.1344567723003962e-06,-9.658414338220634
1,tau,simple,522.txt,0.32876967313065153,-9.93551775760649
1,tau,simple,319.txt,-3.7777707739827804e-07,-10.16642310778967
1,tau,simple,381.txt,-2.0398283417932817e-07,-10.491836866261684
1,tau,simple,151.txt,1.3406631020895787e-06,-10.467214717387247
1,tau,simple,141.txt,1.5838434666015644e-06,-10.945333156463132
1,tau,simple,052.txt,3.8351138152375768,-2.7310925771506573
1,tau,simple,502.txt,0.12005730656985447,-9.170470214495761
1,tau,simple,306.txt,-6.335790292411048e-08,-8.265232105193148
1,tau,simple,215.txt,1.5039540910422033e-06,-11.057963900511531
1,tau,simple,171.txt,-6.335790292411048e-08,-9.47736039229968
1,tau,simple,102.txt,3.965172545861151e-07,-9.165147701462002
1,tau,simple,524.txt,0.592948389273674,-9.756560025512067
1,tau,simple,195.txt,1.5838434666015644e-06,-7.0371434567866205
1,tau,simple,423.txt,1.5039540910422033e-06,-8.137598874570354
1,tau,simple,188.txt,4.580660952768767e-07,-9.48896770082437
1,tau,simple,070.txt,1.1344567723003962e-06,-8.713238098960275
1,tau,simple,242.txt,0.32876967313065153,-9.01248502800098
1,tau,simple,173.txt,1.5838434666015644e-06,-8.677508470077505
1,tau,simple,505.txt,-3.7777707739827804e-07,-9.66903890902489
1,tau,simple,291.txt,-3.7777707739827804e-07,-7.811059329950348
1,tau,simple,010.txt,4.580660952768767e-07,-5.218976142456145
1,tau,simple,483.txt,4.580660952768767e-07,-6.868267876665566
1,tau,simple,037.txt,4.2741469642079455,-3.1018173433476988
1,tau,simple,152.txt,0.12005730656985447,-9.359127698357797
1,tau,simple,272.txt,-3.990613381965602e-07,-10.353054034003424
1,tau,simple,121.txt,1.1344567723003962e-06,-9.273461295933645
1,tau,simple,419.txt,4.580660952768767e-07,-9.831986911738557
1,tau,simple,077.txt,1.3406631020895787e-06,-12.421892874515894
1,tau,simple,577.txt,1.1344567723003962e-06,-9.017413886854511
1,tau,simple,177.txt,-1.4826765148967525e-07,-9.203605497958849
1,tau,simple,245.txt,-6.335790292411048e-08,-11.335179568522461
1,tau,simple,469.txt,1.5838434666015644e-06,-10.207760694779184
1,tau,simple,129.txt,1.3406631020895787e-06,-11.86256207695867
1,tau,simple,312.txt,0.125879198257159,-8.281293291682397
1,tau,simple,165.txt,2.5373958132401953e-06,-8.342565705199595
1,tau,simple,229.txt,0.12005730656985447,-9.03450558685703
1,tau,simple,116.txt,1.5039540910422033e-06,-8.736396493330378
1,tau,simple,340.txt,3.965172545861151e-07,-8.87876999121261
1,tau,simple,397.txt,1.1344567723003962e-06,-9.429974041708814
1,tau,simple,493.txt,1.3406631020895787e-06,-9.685437643105438
1,tau,simple,137.txt,-3.7777707739827804e-07,-9.97784054182574
1,tau,simple,606.txt,-1.5745973547254266e-07,-10.134246263408096
1,tau,simple,106.txt,-6.335790292411048e-08,-9.991969202277966
1,tau,simple,439.txt,1.3406631020895787e-06,-13.157031818157433
1,tau,simple,155.txt,5.933971582994246e-07,-7.701536551926105
1,tau,simple,041.txt,-3.084904685035639e-07,-2.119432827499776
1,tau,media,492.txt,-1.4988287091632866,-9.510808320103052
1,tau,media,192.txt,-1.2234904371668436,-9.371793957740481
1,tau,media,233.txt,-2.5512942122120905,-9.985591956943061
1,tau,media,246.txt,-1.3987001947414741,-8.975632752313944
1,tau,media,017.txt,-5.339241311237332,-9.36810887579023
1,tau,media,208.txt,-3.3027683334070366,-8.21056979416217
1,tau,media,590.txt,-1.2234904371668436,-9.695310701152469
1,tau,media,384.txt,-3.0235017341980726,-8.275427782021643
1,tau,media,503.txt,-2.171238500465281,-9.901422754913472
1,tau,media,283.txt,-2.774292788522313,-9.227267625816731
1,tau,media,172.txt,-1.3072221682551173,-9.334424719138775
1,tau,media,581.txt,-7.3720196829394204,-10.985302885440328
1,tau,media,056.txt,-1.3987001947414741,-4.11582119450276
1,tau,media,508.txt,-3.0235017341980726,-9.756726928763815
1,tau,media,222.txt,-1.8622405371523554,-8.533857860135962
1,tau,media,379.txt,-1.3987001947414741,-9.754769818535012
1,tau,media,535.txt,-5.927433114416987,-11.277861457125718
1,tau,media,569.txt,-1.3987001947414741,-8.19891093432683
1,tau,media,045.txt,-0.43039206299142174,-4.435256860822937
1,tau,media,447.txt,-1.2234904371668436,-9.497773780442726
1,tau,media,326.txt,-1.4988287091632866,-8.714855707841107
1,tau,media,124.txt,-2.5512942122120905,-9.079329855758886
1,tau,media,264.txt,-2.774292788522313,-8.77018106839408
1,tau,media,040.txt,-0.7541028954116955,-3.613164731227659
1,tau,media,389.txt,-1.2234904371668436,-9.698915592044562
1,tau,media,337.txt,-3.3027683334070366,-9.892620951418115
1,tau,media,470.txt,-1.6086444369668644,-10.0861434845821
1,tau,media,417.txt,-1.1467079763479036,-10.659726624906227
1,tau,media,349.txt,-3.0235017341980726,-9.502892799790226
1,tau,media,279.txt,-1.3987001947414741,-8.510522347176977
1,tau,media,270.txt,-9.280300295161036,-8.310094378503711
1,tau,media,414.txt,-4.823595096969931,-6.958462436643061
1,tau,media,475.txt,-3.3027683334070366,-8.716735727213267
1,tau,media,104.txt,-6.6002930994338005,-9.350836260814896
1,tau,media,169.txt,-4.370200072252118,-6.442872660510799
1,tau,media,546.txt,-2.171238500465281,-9.07301071630643
1,tau,media,465.txt,-1.1467079763479036,-9.675777072202772
1,tau,media,307.txt,-2.351215253377762,-8.992234290916382
1,tau,media,408.txt,-4.370200072252118,-10.926833686470301
1,tau,media,024.txt,-1.011274045882173,-2.570660198951635
1,tau,media,382.txt,-1.7293288819005557,-9.192063302907627
1,tau,media,232.txt,-2.008942533664444,-11.14640156456615
1,tau,media,266.txt,-1.4988287091632866,-8.418160835212433
1,tau,media,281.txt,-1.8622405371523554,-8.510249410843453
1,tau,media,600.txt,-2.5512942122120905,-9.658414338220634
1,tau,media,522.txt,-1.1467079763479036,-9.93551775760649
1,tau,media,319.txt,-1.8622405371523554,-10.16642310778967
1,tau,media,381.txt,-1.3987001947414741,-10.491836866261684
1,tau,media,151.txt,-6.6002930994338005,-10.467214717387247
1,tau,media,141.txt,-5.339241311237332,-10.945333156463132
1,tau,media,052.txt,-0.496559396909636,-2.7310925771506573
1,tau,media,502.txt,-1.2234904371668436,-9.170470214495761
1,tau,media,306.txt,-2.171238500465281,-8.265232105193148
1,tau,media,215.txt,-3.0235017341980726,-11.057963900511531
1,tau,media,171.txt,-2.171238500465281,-9.47736039229968
1,tau,media,102.txt,-1.3072221682551173,-9.165147701462002
1,tau,media,524.txt,-1.076175516344088,-9.756560025512067
1,tau,media,195.txt,-5.339241311237332,-7.0371434567866205
1,tau,media,423.txt,-3.0235017341980726,-8.137598874570354
1,tau,media,188.txt,-4.370200072252118,-9.48896770082437
1,tau,media,070.txt,-2.5512942122120905,-8.713238098960275
1,tau,media,242.txt,-1.1467079763479036,-9.01248502800098
1,tau,media,173.txt,-5.339241311237332,-8.677508470077505
1,tau,media,505.txt,-1.8622405371523554,-9.66903890902489
1,tau,media,291.txt,-1.8622405371523554,-7.811059329950348
1,tau,media,010.txt,-4.370200072252118,-5.218976142456145
1,tau,media,483.txt,-4.370200072252118,-6.868267876665566
1,tau,media,037.txt,-0.43039206299142174,-3.1018173433476988
1,tau,media,152.txt,-1.2234904371668436,-9.359127698357797
1,tau,media,272.txt,-1.6086444369668644,-10.353054034003424
1,tau,media,121.txt,-2.5512942122120905,-9.273461295933645
1,tau,media,419.txt,-4.370200072252118,-9.831986911738557
1,tau,media,077.txt,-6.6002930994338005,-12.421892874515894
1,tau,media,577.txt,-2.5512942122120905,-9.017413886854511
1,tau,media,177.txt,-2.008942533664444,-9.203605497958849
1,tau,media,245.txt,-2.171238500465281,-11.335179568522461
1,tau,media,469.txt,-5.339241311237332,-10.207760694779184
1,tau,media,129.txt,-6.6002930994338005,-11.86256207695867
1,tau,media,312.txt,-1.062872949961279,-8.281293291682397
1,tau,media,165.txt,-5.927433114416987,-8.342565705199595
1,tau,media,229.txt,-1.2234904371668436,-9.03450558685703
1,tau,media,116.txt,-3.0235017341980726,-8.736396493330378
1,tau,media,340.txt,-1.3072221682551173,-8.87876999121261
1,tau,media,397.txt,-2.5512942122120905,-9.429974041708814
1,tau,media,493.txt,-6.6002930994338005,-9.685437643105438
1,tau,media,137.txt,-1.8622405371523554,-9.97784054182574
1,tau,media,606.txt,-1.4988287091632866,-10.134246263408096
1,tau,media,106.txt,-2.171238500465281,-9.991969202277966
1,tau,media,439.txt,-6.6002930994338005,-13.157031818157433
1,tau,media,155.txt,-3.97033244730538,-7.701536551926105
1,tau,media,041.txt,-1.7293288819005557,-2.119432827499776
1,tau,tanh_deep,492.txt,-7.137336829192593,-9.510808320103052
1,tau,tanh_deep,192.txt,-4.902444437855281,-9.371793957740481
1,tau,tanh_deep,233.txt,-9.217561861067631,-9.985591956943061
1,tau,tanh_deep,246.txt,-6.437423350238591,-8.975632752313944
1,tau,tanh_deep,017.txt,-10.0733037620743,-9.36810887579023
1,tau,tanh_deep,208.txt,-9.589748219957741,-8.21056979416217
1,tau,tanh_deep,590.txt,-4.902444437855281,-9.695310701152469
1,tau,tanh_deep,384.txt,-9.47256918625581,-8.275427782021643
1,tau,tanh_deep,503.txt,-8.978861097219824,-9.901422754913472
1,tau,tanh_deep,283.txt,-9.342922555550631,-9.227267625816731
1,tau,tanh_deep,172.txt,-5.682576734604332,-9.334424719138775
1,tau,tanh_deep,581.txt,-10.856218694254958,-10.985302885440328
1,tau,tanh_deep,056.txt,-6.437423350238591,-4.11582119450276
1,tau,tanh_deep,508.txt,-9.47256918625581,-9.756726928763815
1,tau,tanh_deep,222.txt,-8.595352535471745,-8.533857860135962
1,tau,tanh_deep,379.txt,-6.437423350238591,-9.754769818535012
1,tau,tanh_deep,535.txt,-10.294545354266786,-11.277861457125718
1,tau,tanh_deep,569.txt,-6.437423350238591,-8.19891093432683
1,tau,tanh_deep,045.txt,3.7132449188521814,-4.435256860822937
1,tau,tanh_deep,447.txt,-4.902444437855281,-9.497773780442726
1,tau,tanh_deep,326.txt,-7.137336829192593,-8.714855707841107
1,tau,tanh_deep,124.txt,-9.217561861067631,-9.079329855758886
1,tau,tanh_deep,264.txt,-9.342922555550631,-8.77018106839408
1,tau,tanh_deep,040.txt,0.4328762031065465,-3.613164731227659
1,tau,tanh_deep,389.txt,-4.902444437855281,-9.698915592044562
1,tau,tanh_deep,337.txt,-9.589748219957741,-9.892620951418115
1,tau,tanh_deep,470.txt,-7.748739302455739,-10.0861434845821
1,tau,tanh_deep,417.txt,-4.120730438370138,-10.659726624906227
1,tau,tanh_deep,349.txt,-9.47256918625581,-9.502892799790226
1,tau,tanh_deep,279.txt,-6.437423350238591,-8.510522347176977
1,tau,tanh_deep,270.txt,-11.356782656282048,-8.310094378503711
1,tau,tanh_deep,414.txt,-9.914285935932266,-6.958462436643061
1,tau,tanh_deep,475.txt,-9.589748219957741,-8.716735727213267
1,tau,tanh_deep,104.txt,-10.564642344483643,-9.350836260814896
1,tau,tanh_deep,169.txt,-9.812523486530736,-6.442872660510799
1,tau,tanh_deep,546.txt,-8.978861097219824,-9.07301071630643
1,tau,tanh_deep,465.txt,-4.120730438370138,-9.675777072202772
1,tau,tanh_deep,307.txt,-9.09970565690829,-8.992234290916382
1,tau,tanh_deep,408.txt,-9.812523486530736,-10.926833686470301
1,tau,tanh_deep,024.txt,-2.6185061517835444,-2.570660198951635
1,tau,tanh_deep,382.txt,-8.240306403024904,-9.192063302907627
1,tau,tanh_deep,232.txt,-8.826909598543235,-11.14640156456615
1,tau,tanh_deep,266.txt,-7.137337046375497,-8.418160835212433
1,tau,tanh_deep,281.txt,-8.595352535471745,-8.510249410843453
1,tau,tanh_deep,600.txt,-9.217561861067631,-9.658414338220634
1,tau,tanh_deep,522.txt,-4.120730438370138,-9.93551775760649
1,tau,tanh_deep,319.txt,-8.595352535471745,-10.16642310778967
1,tau,tanh_deep,381.txt,-6.437423350238591,-10.491836866261684
1,tau,tanh_deep,151.txt,-10.564642344483643,-10.467214717387247
1,tau,tanh_deep,141.txt,-10.0733037620743,-10.945333156463132
1,tau,tanh_deep,052.txt,3.1608350209676748,-2.7310925771506573
1,tau,tanh_deep,502.txt,-4.902444437855281,-9.170470214495761
1,tau,tanh_deep,306.txt,-8.978861097219824,-8.265232105193148
1,tau,tanh_deep,215.txt,-9.47256918625581,-11.057963900511531
1,tau,tanh_deep,171.txt,-8.978861097219824,-9.47736039229968
1,tau,tanh_deep,102.txt,-5.682576734604332,-9.165147701462002
1,tau,tanh_deep,524.txt,-3.3552043351028473,-9.756560025512067
1,tau,tanh_deep,195.txt,-10.0733037620743,-7.0371434567866205
1,tau,tanh_deep,423.txt,-9.47256918625581,-8.137598874570354
1,tau,tanh_deep,188.txt,-9.812523486530736,-9.48896770082437
1,tau,tanh_deep,070.txt,-9.217561861067631,-8.713238098960275
1,tau,tanh_deep,242.txt,-4.120730438370138,-9.01248502800098
1,tau,tanh_deep,173.txt,-10.0733037620743,-8.677508470077505
1,tau,tanh_deep,505.txt,-8.595352535471745,-9.66903890902489
1,tau,tanh_deep,291.txt,-8.595352535471745,-7.811059329950348
1,tau,tanh_deep,010.txt,-9.812523486530736,-5.218976142456145
1,tau,tanh_deep,483.txt,-9.812523486530736,-6.868267876665566
1,tau,tanh_deep,037.txt,3.7132449188521814,-3.1018173433476988
1,tau,tanh_deep,152.txt,-4.902444437855281,-9.359127698357797
1,tau,tanh_deep,272.txt,-7.748739302455739,-10.353054034003424
1,tau,tanh_deep,121.txt,-9.217561861067631,-9.273461295933645
1,tau,tanh_deep,419.txt,-9.812523486530736,-9.831986911738557
1,tau,tanh_deep,077.txt,-10.564642344483643,-12.421892874515894
1,tau,tanh_deep,577.txt,-9.217561861067631,-9.017413886854511
1,tau,tanh_deep,177.txt,-8.826909598543235,-9.203605497958849
1,tau,tanh_deep,245.txt,-8.978861097219824,-11.335179568522461
1,tau,tanh_deep,469.txt,-10.0733037620743,-10.207760694779184
1,tau,tanh_deep,129.txt,-10.564642344483643,-11.86256207695867
1,tau,tanh_deep,312.txt,-4.700753045487915,-8.281293291682397
1,tau,tanh_deep,165.txt,-10.294545354266786,-8.342565705199595
1,tau,tanh_deep,229.txt,-4.902444437855281,-9.03450558685703
1,tau,tanh_deep,116.txt,-9.47256918625581,-8.736396493330378
1,tau,tanh_deep,340.txt,-5.682576734604332,-8.87876999121261
1,tau,tanh_deep,397.txt,-9.217561861067631,-9.429974041708814
1,tau,tanh_deep,493.txt,-10.564642344483643,-9.685437643105438
1,tau,tanh_deep,137.txt,-8.595352535471745,-9.97784054182574
1,tau,tanh_deep,606.txt,-7.137336829192593,-10.134246263408096
1,tau,tanh_deep,106.txt,-8.978861097219824,-9.991969202277966
1,tau,tanh_deep,439.txt,-10.564642344483643,-13.157031818157433
1,tau,tanh_deep,155.txt,-9.74493982162402,-7.701536551926105
1,tau,tanh_deep,041.txt,-8.240306403024904,-2.119432827499776
1,tau_v0,simple,492.txt,-1.8420773729776894,-9.510808320103052
1,tau_v0,simple,192.txt,-1.819717579586271,-9.371793957740481
1,tau_v0,simple,233.txt,-1.8075529010361633,-9.985591956943061
1,tau_v0,simple,246.txt,-1.8604649165214222,-8.975632752313944
1,tau_v0,simple,017.txt,-7.478733797782388,-9.36810887579023
1,tau_v0,simple,208.txt,-5.608000190123279,-8.21056979416217
1,tau_v0,simple,590.txt,-1.8744039793732796,-9.695310701152469
1,tau_v0,simple,384.txt,-2.7489275706275467,-8.275427782021643
1,tau_v0,simple,503.txt,-1.128482567390655,-9.901422754913472
1,tau_v0,simple,283.txt,-2.6519939395400085,-9.227267625816731
1,tau_v0,simple,172.txt,-0.86382233575702,-9.334424719138775
1,tau_v0,simple,581.txt,-8.766109289987853,-10.985302885440328
1,tau_v0,simple,056.txt,-2.05492191430363,-4.11582119450276
1,tau_v0,simple,508.txt,-3.019008937259941,-9.756726928763815
1,tau_v0,simple,222.txt,-2.7453053070201783,-8.533857860135962
1,tau_v0,simple,379.txt,-1.9148324950157323,-9.754769818535012
1,tau_v0,simple,535.txt,-7.740806960984345,-11.277861457125718
1,tau_v0,simple,569.txt,-2.085682783307278,-8.19891093432683
1,tau_v0,simple,045.txt,-0.22262743967190302,-4.435256860822937
1,tau_v0,simple,447.txt,-0.266627728548936,-9.497773780442726
1,tau_v0,simple,326.txt,-1.5945111243491534,-8.714855707841107
1,tau_v0,simple,124.txt,-2.760562168011807,-9.079329855758886
1,tau_v0,simple,264.txt,-1.705598740118723,-8.77018106839408
1,tau_v0,simple,040.txt,-1.154731790612831,-3.613164731227659
1,tau_v0,simple,389.txt,-1.4878201635378574,-9.698915592044562
1,tau_v0,simple,337.txt,-4.133796509291004,-9.892620951418115
1,tau_v0,simple,470.txt,-1.9742370748254396,-10.0861434845821
1,tau_v0,simple,417.txt,-1.7535944991613088,-10.659726624906227
1,tau_v0,simple,349.txt,-2.930539059343154,-9.502892799790226
1,tau_v0,simple,279.txt,-1.5203546974770517,-8.510522347176977
1,tau_v0,simple,270.txt,-8.702423068440128,-8.310094378503711
1,tau_v0,simple,414.txt,-5.747255649862476,-6.958462436643061
1,tau_v0,simple,475.txt,-2.8163759059471616,-8.716735727213267
1,tau_v0,simple,104.txt,-6.4818629051932835,-9.350836260814896
1,tau_v0,simple,169.txt,-4.337508564795209,-6.442872660510799
1,tau_v0,simple,546.txt,-2.551402296225378,-9.07301071630643
1,tau_v0,simple,465.txt,-1.5154013490456955,-9.675777072202772
1,tau_v0,simple,307.txt,-2.7229469350668554,-8.992234290916382
1,tau_v0,simple,408.txt,-6.109780633289645,-10.926833686470301
1,tau_v0,simple,024.txt,-1.5380327685465995,-2.570660198951635
1,tau_v0,simple,382.txt,-2.3150396264847197,-9.192063302907627
1,tau_v0,simple,232.txt,-2.754261240264996,-11.14640156456615
1,tau_v0,simple,266.txt,-1.5161788439494497,-8.418160835212433
1,tau_v0,simple,281.txt,-2.746009895117576,-8.510249410843453
1,tau_v0,simple,600.txt,-3.710842448951023,-9.658414338220634
1,tau_v0,simple,522.txt,-1.5586645294990824,-9.93551775760649
1,tau_v0,simple,319.txt,-2.811934650631292,-10.16642310778967
1,tau_v0,simple,381.txt,-1.4466391465116182,-10.491836866261684
1,tau_v0,simple,151.txt,-8.453231160220108,-10.467214717387247
1,tau_v0,simple,141.txt,-6.843403254550423,-10.945333156463132
1,tau_v0,simple,052.txt,-0.7651531606022368,-2.7310925771506573
1,tau_v0,simple,502.txt,-1.168961761454855,-9.170470214495761
1,tau_v0,simple,306.txt,-2.700791909984706,-8.265232105193148
1,tau_v0,simple,215.txt,-4.063770600559252,-11.057963900511531
1,tau_v0,simple,171.txt,-2.079383611242326,-9.47736039229968
1,tau_v0,simple,102.txt,-0.7115848225420502,-9.165147701462002
1,tau_v0,simple,524.txt,-1.6436197591034571,-9.756560025512067
1,tau_v0,simple,195.txt,-6.3584281686954105,-7.0371434567866205
1,tau_v0,simple,423.txt,-3.141800884549034,-8.137598874570354
1,tau_v0,simple,188.txt,-6.214415693860516,-9.48896770082437
1,tau_v0,simple,070.txt,-1.8295182527062726,-8.713238098960275
1,tau_v0,simple,242.txt,-1.5629674078770968,-9.01248502800098
1,tau_v0,simple,173.txt,-3.6148063008474574,-8.677508470077505
1,tau_v0,simple,505.txt,-1.9910989177717338,-9.66903890902489
1,tau_v0,simple,291.txt,-2.4602935515087934,-7.811059329950348
1,tau_v0,simple,010.txt,-4.333959903446265,-5.218976142456145
1,tau_v0,simple,483.txt,-3.8091315913440185,-6.868267876665566
1,tau_v0,simple,037.txt,-0.660776345509829,-3.1018173433476988
1,tau_v0,simple,152.txt,-1.5484737082658555,-9.359127698357797
1,tau_v0,simple,272.txt,-2.4595641410082347,-10.353054034003424
1,tau_v0,simple,121.txt,-1.7997831958250199,-9.273461295933645
1,tau_v0,simple,419.txt,-3.9916894663942646,-9.831986911738557
1,tau_v0,simple,077.txt,-5.852721194586357,-12.421892874515894
1,tau_v0,simple,577.txt,-3.824160874878573,-9.017413886854511
1,tau_v0,simple,177.txt,-2.6742718243330224,-9.203605497958849
1,tau_v0,simple,245.txt,-2.5846477590664003,-11.335179568522461
1,tau_v0,simple,469.txt,-7.828399900640209,-10.207760694779184
1,tau_v0,simple,129.txt,-6.583418552643367,-11.86256207695867
1,tau_v0,simple,312.txt,-0.46050020099214506,-8.281293291682397
1,tau_v0,simple,165.txt,-10.242605694522428,-8.342565705199595
1,tau_v0,simple,229.txt,-1.0889145253735064,-9.03450558685703
1,tau_v0,simple,116.txt,-3.2902811807029453,-8.736396493330378
1,tau_v0,simple,340.txt,-1.9825125964604076,-8.87876999121261
1,tau_v0,simple,397.txt,-2.8246474180496834,-9.429974041708814
1,tau_v0,simple,493.txt,-9.166177962607305,-9.685437643105438
1,tau_v0,simple,137.txt,-2.1067422631227584,-9.97784054182574
1,tau_v0,simple,606.txt,-1.7741810727782874,-10.134246263408096
1,tau_v0,simple,106.txt,-2.0219730570349044,-9.991969202277966
1,tau_v0,simple,439.txt,-7.793011131974771,-13.157031818157433
1,tau_v0,simple,155.txt,-5.708526384459595,-7.701536551926105
1,tau_v0,simple,041.txt,-2.5877070853646504,-2.119432827499776
1,tau_v0,media,492.txt,-6.836095235816067,-9.510808320103052
1,tau_v0,media,192.txt,-5.677694446675826,-9.371793957740481
1,tau_v0,media,233.txt,-8.668806813323584,-9.985591956943061
1,tau_v0,media,246.txt,-6.611786091283495,-8.975632752313944
1,tau_v0,media,017.txt,-6.824276464230757,-9.36810887579023
1,tau_v0,media,208.txt,-8.32307791371653,-8.21056979416217
1,tau_v0,media,590.txt,-5.7399848098987984,-9.695310701152469
1,tau_v0,media,384.txt,-9.11865668497883,-8.275427782021643
1,tau_v0,media,503.txt,-7.9685746815816545,-9.901422754913472
1,tau_v0,media,283.txt,-8.888053893236133,-9.227267625816731
1,tau_v0,media,172.txt,-4.846583984593262,-9.334424719138775
1,tau_v0,media,581.txt,-4.34268877021352,-10.985302885440328
1,tau_v0,media,056.txt,-6.662364694031435,-4.11582119450276
1,tau_v0,media,508.txt,-9.061426381977427,-9.756726928763815
1,tau_v0,media,222.txt,-7.662813337183286,-8.533857860135962
1,tau_v0,media,379.txt,-6.6261849046660934,-9.754769818535012
1,tau_v0,media,535.txt,-6.277694681206175,-11.277861457125718
1,tau_v0,media,569.txt,-6.670156913283719,-8.19891093432683
1,tau_v0,media,045.txt,6.255104598601584,-4.435256860822937
1,tau_v0,media,447.txt,-2.09801288311532,-9.497773780442726
1,tau_v0,media,326.txt,-6.756952869879801,-8.714855707841107
1,tau_v0,media,124.txt,-8.631082599204175,-9.079329855758886
1,tau_v0,media,264.txt,-8.954150721061872,-8.77018106839408
1,tau_v0,media,040.txt,0.46082914490650584,-3.613164731227659
1,tau_v0,media,389.txt,-5.261551855327376,-9.698915592044562
1,tau_v0,media,337.txt,-8.947708994796443,-9.892620951418115
1,tau_v0,media,470.txt,-7.101502973684079,-10.0861434845821
1,tau_v0,media,417.txt,-5.019898253554031,-10.659726624906227
1,tau_v0,media,349.txt,-9.080176589266564,-9.502892799790226
1,tau_v0,media,279.txt,-6.377374251676531,-8.510522347176977
1,tau_v0,media,270.txt,-2.6884534662526156,-8.310094378503711
1,tau_v0,media,414.txt,-8.282810295904891,-6.958462436643061
1,tau_v0,media,475.txt,-9.339036202001918,-8.716735727213267
1,tau_v0,media,104.txt,-6.796577448646375,-9.350836260814896
1,tau_v0,media,169.txt,-9.12815955663777,-6.442872660510799
1,tau_v0,media,546.txt,-8.148772130164208,-9.07301071630643
1,tau_v0,media,465.txt,-4.660662647842713,-9.675777072202772
1,tau_v0,media,307.txt,-8.39338463484235,-8.992234290916382
1,tau_v0,media,408.txt,-8.119471576330211,-10.926833686470301
1,tau_v0,media,024.txt,-3.3838749255109004,-2.570660198951635
1,tau_v0,media,382.txt,-7.391288938792685,-9.192063302907627
1,tau_v0,media,232.txt,-7.898776735933637,-11.14640156456615
1,tau_v0,media,266.txt,-6.729808061380445,-8.418160835212433
1,tau_v0,media,281.txt,-7.662850186905967,-8.510249410843453
1,tau_v0,media,600.txt,-8.49191541328078,-9.658414338220634
1,tau_v0,media,522.txt,-4.727531613761141,-9.93551775760649
1,tau_v0,media,319.txt,-7.666521889379387,-10.16642310778967
1,tau_v0,media,381.txt,-6.312794758713518,-10.491836866261684
1,tau_v0,media,151.txt,-5.221993643452926,-10.467214717387247
1,tau_v0,media,141.txt,-7.307506579876749,-10.945333156463132
1,tau_v0,media,052.txt,4.272505449358839,-2.7310925771506573
1,tau_v0,media,502.txt,-4.720507452458516,-9.170470214495761
1,tau_v0,media,306.txt,-8.149308699506236,-8.265232105193148
1,tau_v0,media,215.txt,-8.794700485428677,-11.057963900511531
1,tau_v0,media,171.txt,-8.119040677136352,-9.47736039229968
1,tau_v0,media,102.txt,-4.516677729806743,-9.165147701462002
1,tau_v0,media,524.txt,-4.223638628621926,-9.756560025512067
1,tau_v0,media,195.txt,-7.678616683565176,-7.0371434567866205
1,tau_v0,media,423.txt,-9.03541225606359,-8.137598874570354
1,tau_v0,media,188.txt,-8.054754662742724,-9.48896770082437
1,tau_v0,media,070.txt,-8.670483317038132,-8.713238098960275
1,tau_v0,media,242.txt,-4.734181309365891,-9.01248502800098
1,tau_v0,media,173.txt,-9.443720144456808,-8.677508470077505
1,tau_v0,media,505.txt,-7.587713141033094,-9.66903890902489
1,tau_v0,media,291.txt,-7.64659994531199,-7.811059329950348
1,tau_v0,media,010.txt,-9.13001861174058,-5.218976142456145
1,tau_v0,media,483.txt,-9.40469556492478,-6.868267876665566
1,tau_v0,media,037.txt,5.037185612805423,-3.1018173433476988
1,tau_v0,media,152.txt,-5.353896181175757,-9.359127698357797
1,tau_v0,media,272.txt,-7.180804931127518,-10.353054034003424
1,tau_v0,media,121.txt,-8.668209134328553,-9.273461295933645
1,tau_v0,media,419.txt,-9.309150250730559,-9.831986911738557
1,tau_v0,media,077.txt,-7.290694625306905,-12.421892874515894
1,tau_v0,media,577.txt,-8.471023273863906,-9.017413886854511
1,tau_v0,media,177.txt,-7.89877981896399,-9.203605497958849
1,tau_v0,media,245.txt,-8.150791154533042,-11.335179568522461
1,tau_v0,media,469.txt,-6.541535461165355,-10.207760694779184
1,tau_v0,media,129.txt,-6.7168076236657015,-11.86256207695867
1,tau_v0,media,312.txt,-3.01127208707994,-8.281293291682397
1,tau_v0,media,165.txt,-3.956416124640451,-8.342565705199595
1,tau_v0,media,229.txt,-4.5784263359954736,-9.03450558685703
1,tau_v0,media,116.txt,-9.005183468083494,-8.736396493330378
1,tau_v0,media,340.txt,-6.305350686704347,-8.87876999121261
1,tau_v0,media,397.txt,-8.62697747578811,-9.429974041708814
1,tau_v0,media,493.txt,-4.624747943929563,-9.685437643105438
1,tau_v0,media,137.txt,-7.608071502614054,-9.97784054182574
1,tau_v0,media,606.txt,-6.8160425220438885,-10.134246263408096
1,tau_v0,media,106.txt,-8.115301175211155,-9.991969202277966
1,tau_v0,media,439.txt,-5.774269919988535,-13.157031818157433
1,tau_v0,media,155.txt,-8.384104224166185,-7.701536551926105
1,tau_v0,media,041.txt,-7.421461015053668,-2.119432827499776
1,tau_v0,tanh_deep,492.txt,-8.32824343795483,-9.510808320103052
1,tau_v0,tanh_deep,192.txt,-6.5188630271250725,-9.371793957740481
1,tau_v0,tanh_deep,233.txt,-10.549640584106726,-9.985591956943061
1,tau_v0,tanh_deep,246.txt,-7.753302558215024,-8.975632752313944
1,tau_v0,tanh_deep,017.txt,-7.830387060359089,-9.36810887579023
1,tau_v0,tanh_deep,208.txt,-5.551694091069949,-8.21056979416217
1,tau_v0,tanh_deep,590.txt,-6.4537752605404215,-9.695310701152469
1,tau_v0,tanh_deep,384.txt,-10.90856744589265,-8.275427782021643
1,tau_v0,tanh_deep,503.txt,-9.050406766064297,-9.901422754913472
1,tau_v0,tanh_deep,283.txt,-10.902223410309336,-9.227267625816731
1,tau_v0,tanh_deep,172.txt,-5.448981034960298,-9.334424719138775
1,tau_v0,tanh_deep,581.txt,-9.156562824967354,-10.985302885440328
1,tau_v0,tanh_deep,056.txt,-7.514323064533702,-4.11582119450276
1,tau_v0,tanh_deep,508.txt,-10.780174809540135,-9.756726928763815
1,tau_v0,tanh_deep,222.txt,-8.39541488132968,-8.533857860135962
1,tau_v0,tanh_deep,379.txt,-7.724940374340301,-9.754769818535012
1,tau_v0,tanh_deep,535.txt,-8.58114781306102,-11.277861457125718
1,tau_v0,tanh_deep,569.txt,-7.4425715712509755,-8.19891093432683
1,tau_v0,tanh_deep,045.txt,3.8564541851171645,-4.435256860822937
1,tau_v0,tanh_deep,447.txt,-2.4560126499975574,-9.497773780442726
1,tau_v0,tanh_deep,326.txt,-8.108949023924122,-8.714855707841107
1,tau_v0,tanh_deep,124.txt,-10.643214773460356,-9.079329855758886
1,tau_v0,tanh_deep,264.txt,-10.23298190595981,-8.77018106839408
1,tau_v0,tanh_deep,040.txt,-1.3812203692972251,-3.613164731227659
1,tau_v0,tanh_deep,389.txt,-6.211250917617857,-9.698915592044562
1,tau_v0,tanh_deep,337.txt,-9.821524604005,-9.892620951418115
1,tau_v0,tanh_deep,470.txt,-8.872246905694078,-10.0861434845821
1,tau_v0,tanh_deep,417.txt,-5.9288082764752765,-10.659726624906227
1,tau_v0,tanh_deep,349.txt,-10.834262586891914,-9.502892799790226
1,tau_v0,tanh_deep,279.txt,-7.412098549440163,-8.510522347176977
1,tau_v0,tanh_deep,270.txt,-10.038080551688537,-8.310094378503711
1,tau_v0,tanh_deep,414.txt,-9.796337894950755,-6.958462436643061
1,tau_v0,tanh_deep,475.txt,-10.848392539358775,-8.716735727213267
1,tau_v0,tanh_deep,104.txt,-10.239001728902721,-9.350836260814896
1,tau_v0,tanh_deep,169.txt,-10.463639306956964,-6.442872660510799
1,tau_v0,tanh_deep,546.txt,-10.222277816638668,-9.07301071630643
1,tau_v0,tanh_deep,465.txt,-5.73570483685421,-9.675777072202772
1,tau_v0,tanh_deep,307.txt,-10.371679640085068,-8.992234290916382
1,tau_v0,tanh_deep,408.txt,-8.316178507833218,-10.926833686470301
1,tau_v0,tanh_deep,024.txt,-4.700583933755171,-2.570660198951635
1,tau_v0,tanh_deep,382.txt,-9.008014710350627,-9.192063302907627
1,tau_v0,tanh_deep,232.txt,-9.168837177423772,-11.14640156456615
1,tau_v0,tanh_deep,266.txt,-8.00207501321336,-8.418160835212433
1,tau_v0,tanh_deep,281.txt,-8.39267987271067,-8.510249410843453
1,tau_v0,tanh_deep,600.txt,-8.492249191216356,-9.658414338220634
1,tau_v0,tanh_deep,522.txt,-5.819393065382916,-9.93551775760649
1,tau_v0,tanh_deep,319.txt,-8.126949828342125,-10.16642310778967
1,tau_v0,tanh_deep,381.txt,-7.28081628123504,-10.491836866261684
1,tau_v0,tanh_deep,151.txt,-8.567659119840775,-10.467214717387247
1,tau_v0,tanh_deep,141.txt,-9.030013711415016,-10.945333156463132
1,tau_v0,tanh_deep,052.txt,2.7047772445494567,-2.7310925771506573
1,tau_v0,tanh_deep,502.txt,-5.395991788657107,-9.170470214495761
1,tau_v0,tanh_deep,306.txt,-9.952269258367325,-8.265232105193148
1,tau_v0,tanh_deep,215.txt,-9.269004196114311,-11.057963900511531
1,tau_v0,tanh_deep,171.txt,-10.597473487915178,-9.47736039229968
1,tau_v0,tanh_deep,102.txt,-4.8968162000084465,-9.165147701462002
1,tau_v0,tanh_deep,524.txt,-5.340929895661179,-9.756560025512067
1,tau_v0,tanh_deep,195.txt,-9.680022638206133,-7.0371434567866205
1,tau_v0,tanh_deep,423.txt,-10.688490735476122,-8.137598874570354
1,tau_v0,tanh_deep,188.txt,-8.068494898984405,-9.48896770082437
1,tau_v0,tanh_deep,070.txt,-10.585567235316178,-8.713238098960275
1,tau_v0,tanh_deep,242.txt,-5.826656348033186,-9.01248502800098
1,tau_v0,tanh_deep,173.txt,-9.995542357841753,-8.677508470077505
1,tau_v0,tanh_deep,505.txt,-9.869767373254923,-9.66903890902489
1,tau_v0,tanh_deep,291.txt,-9.315560138325942,-7.811059329950348
1,tau_v0,tanh_deep,010.txt,-10.464919407517279,-5.218976142456145
1,tau_v0,tanh_deep,483.txt,-10.555918534395088,-6.868267876665566
1,tau_v0,tanh_deep,037.txt,3.684377512417969,-3.1018173433476988
1,tau_v0,tanh_deep,152.txt,-6.344479078502484,-9.359127698357797
1,tau_v0,tanh_deep,272.txt,-7.796374067512645,-10.353054034003424
1,tau_v0,tanh_deep,121.txt,-10.53663184979019,-9.273461295933645
1,tau_v0,tanh_deep,419.txt,-10.548886151346913,-9.831986911738557
1,tau_v0,tanh_deep,077.txt,-10.272330152270452,-12.421892874515894
1,tau_v0,tanh_deep,577.txt,-8.089094689285167,-9.017413886854511
1,tau_v0,tanh_deep,177.txt,-9.409926030889626,-9.203605497958849
1,tau_v0,tanh_deep,245.txt,-10.169733044213208,-11.335179568522461
1,tau_v0,tanh_deep,469.txt,-7.014411716407191,-10.207760694779184
1,tau_v0,tanh_deep,129.txt,-10.210562655414895,-11.86256207695867
1,tau_v0,tanh_deep,312.txt,-3.4321332629261905,-8.281293291682397
1,tau_v0,tanh_deep,165.txt,-3.3036960335198073,-8.342565705199595
1,tau_v0,tanh_deep,229.txt,-5.245166944307381,-9.03450558685703
1,tau_v0,tanh_deep,116.txt,-10.55811344212582,-8.736396493330378
1,tau_v0,tanh_deep,340.txt,-6.954483907787846,-8.87876999121261
1,tau_v0,tanh_deep,397.txt,-10.571020775030913,-9.429974041708814
1,tau_v0,tanh_deep,493.txt,-7.338290408258284,-9.685437643105438
1,tau_v0,tanh_deep,137.txt,-9.8295905555112,-9.97784054182574
1,tau_v0,tanh_deep,606.txt,-8.296203320279144,-10.134246263408096
1,tau_v0,tanh_deep,106.txt,-10.599651656403509,-9.991969202277966
1,tau_v0,tanh_deep,439.txt,-9.430721838994554,-13.157031818157433
1,tau_v0,tanh_deep,155.txt,-8.090418047306821,-7.701536551926105
1,tau_v0,tanh_deep,041.txt,-8.150161189133918,-2.119432827499776
2,v1,simple,001.txt,-3.2409123029708553e-07,-9.268227924200579
2,v1,simple,537.txt,-2.6654087159627693e-07,-10.458447291017901
2,v1,simple,248.txt,6.99534481451991e-08,-8.913991954109953
2,v1,simple,104.txt,-1.3165324055375294e-06,-9.350836260814896
2,v1,simple,071.txt,3.8376834043951646e-07,-9.051668982916471
2,v1,simple,343.txt,-1.3352642547204141e-08,-10.77371664234423
2,v1,simple,481.txt,0.5099038395171731,-10.235498917708668
2,v1,simple,352.txt,-1.097701978869381e-06,-10.206347807329134
2,v1,simple,509.txt,0.11898292211637007,-11.249227039636201
2,v1,simple,135.txt,-7.306762090930619e-07,-7.832902857933694
2,v1,simple,075.txt,-3.0023269564916077e-06,-11.869918013545892
2,v1,simple,073.txt,-2.6654087159627693e-07,-10.684917844551833
2,v1,simple,232.txt,8.104280002640962e-08,-11.14640156456615
2,v1,simple,470.txt,3.687874912117195e-07,-10.0861434845821
2,v1,simple,196.txt,-2.136984811329512e-07,-8.920285993065582
2,v1,simple,531.txt,0.5099038395171731,-10.36080860629575
2,v1,simple,331.txt,0.2949872719607227,-9.655687140654502
2,v1,simple,321.txt,0.008389573990417176,-8.588179203565174
2,v1,simple,414.txt,-9.016879407575118e-07,-6.958462436643061
2,v1,simple,107.txt,-3.2409123029708553e-07,-9.947856391215245
2,v1,simple,358.txt,3.8376834043951646e-07,-9.059267737813984
2,v1,simple,508.txt,-1.3182508085129996e-07,-9.756726928763815
2,v1,simple,327.txt,0.2949872719607227,-8.85570461952918
2,v1,simple,605.txt,-1.3182508085129996e-07,-9.407994141928727
2,v1,simple,536.txt,3.687874912117195e-07,-10.871806683294402
2,v1,simple,543.txt,-1.3352642547204141e-08,-9.938361882710106
2,v1,simple,560.txt,-7.306762090930619e-07,-9.46589457656189
2,v1,simple,211.txt,8.104280002640962e-08,-9.276144964248253
2,v1,simple,253.txt,-7.306762090930619e-07,-9.799954429069157
2,v1,simple,081.txt,-9.016879407575118e-07,-6.99539436540688
2,v1,simple,318.txt,8.104280002640962e-08,-9.317586277715007
2,v1,simple,141.txt,-1.097701978869381e-06,-10.945333156463132
2,v1,simple,125.txt,0.5099038395171731,-9.514738003578035
2,v1,simple,218.txt,-1.097701978869381e-06,-9.148987760879884
2,v1,simple,011.txt,-8.795845035658445e-07,-7.5286186917185365
2,v1,simple,532.txt,-3.2409123029708553e-07,-8.912879212746063
2,v1,simple,288.txt,-1.1457830696448568e-06,-9.005461353696827
2,v1,simple,608.txt,8.104280002640962e-08,-9.873882454940537
2,v1,simple,396.txt,0.7447951132055146,-10.427546663136475
2,v1,simple,372.txt,-3.0023269564916077e-06,-11.625969140902633
2,v1,simple,567.txt,-2.964281147210812e-07,-10.483109531398455
2,v1,simple,155.txt,-2.964281147210812e-07,-7.701536551926105
2,v1,simple,238.txt,2.1190086596512003e-07,-8.55454869386655
2,v1,simple,588.txt,-3.2409123029708553e-07,-9.580810160055453
2,v1,simple,024.txt,1.2250718769550237,-2.570660198951635
2,v1,simple,472.txt,-1.1457830696448568e-06,-11.35574522648822
2,v1,simple,273.txt,0.008389573990417176,-8.686536036446972
2,v1,simple,366.txt,-3.2409123029708553e-07,-8.59255510068509
2,v1,simple,137.txt,2.1190086596512003e-07,-9.97784054182574
2,v1,simple,295.txt,3.8376834043951646e-07,-8.562016847564676
2,v1,simple,004.txt,-3.2409123029708553e-07,-9.960295625317775
2,v1,simple,457.txt,-2.6654087159627693e-07,-9.712162210730117
2,v1,simple,282.txt,-8.795845035658445e-07,-9.715250490605058
2,v1,simple,365.txt,2.1190086596512003e-07,-7.812005302355415
2,v1,simple,357.txt,8.104280002640962e-08,-9.595327619293368
2,v1,simple,140.txt,2.1190086596512003e-07,-8.784074275438176
2,v1,simple,078.txt,-3.0023269564916077e-06,-10.26143324699038
2,v1,simple,182.txt,0.008389573990417176,-9.188816897285667
2,v1,simple,201.txt,3.8376834043951646e-07,-9.03590356718875
2,v1,simple,055.txt,2.8061254553464567,-4.262111599904422
2,v1,simple,469.txt,-1.097701978869381e-06,-10.207760694779184
2,v1,simple,230.txt,-2.6654087159627693e-07,-8.484208053576083
2,v1,simple,020.txt,-3.2409123029708553e-07,-9.45002020479828
2,v1,simple,407.txt,-1.3165324055375294e-06,-10.590903269848717
2,v1,simple,341.txt,-3.2409123029708553e-07,-10.81451854237116
2,v1,simple,229.txt,0.5099038395171731,-9.03450558685703
2,v1,simple,485.txt,-1.1457830696448568e-06,-10.836877486789492
2,v1,simple,105.txt,6.99534481451991e-08,-9.940157120119109
2,v1,simple,499.txt,-5.0128495091561476e-06,-11.781046119881456
2,v1,simple,492.txt,0.008389573990417176,-9.510808320103052
2,v1,simple,409.txt,0.008389573990417176,-9.663020461890035
2,v1,simple,260.txt,3.8376834043951646e-07,-10.777006412467243
2,v1,simple,344.txt,-8.795845035658445e-07,-7.377725350506137
2,v1,simple,572.txt,3.8376834043951646e-07,-10.034710205802533
2,v1,simple,145.txt,-2.964281147210812e-07,-11.594285643723277
2,v1,simple,394.txt,-2.6654087159627693e-07,-11.966908488367517
2,v1,simple,205.txt,3.687874912117195e-07,-9.029605544334569
2,v1,simple,094.txt,-2.136984811329512e-07,-8.863656359460856
2,v1,simple,072.txt,-2.6654087159627693e-07,-7.821939520849531
2,v1,simple,533.txt,0.11898292211637007,-9.27137589234788
2,v1,simple,551.txt,2.1190086596512003e-07,-10.572845749147048
2,v1,simple,146.txt,0.008389573990417176,-9.595425372169574
2,v1,simple,256.txt,0.2949872719607227,-9.425717257843768
2,v1,simple,523.txt,-5.0128495091561476e-06,-15.190413273611956
2,v1,simple,244.txt,0.7447951132055146,-9.208843735182342
2,v1,simple,176.txt,0.5099038395171731,-8.709711482005376
2,v1,simple,206.txt,-3.2409123029708553e-07,-10.51382904029288
2,v1,simple,254.txt,-2.6654087159627693e-07,-7.6120353620514765
2,v1,simple,220.txt,0.2949872719607227,-9.634906985119303
2,v1,simple,380.txt,0.6239461312250507,-8.54167795364663
2,v1,simple,607.txt,-2.964281147210812e-07,-10.077522866916912
2,v1,media,001.txt,2.4546257670898797e-07,-9.268227924200579
2,v1,media,537.txt,5.438610537478183e-07,-10.458447291017901
2,v1,media,248.txt,2.5007760240391974e-07,-8.913991954109953
2,v1,media,104.txt,2.467555018093037e-07,-9.350836260814896
2,v1,media,071.txt,-3.599385864916371e-07,-9.051668982916471
2,v1,media,343.txt,7.194379154640274e-07,-10.77371664234423
2,v1,media,481.txt,0.29271595065054967,-10.235498917708668
2,v1,media,352.txt,2.3578141483682202e-07,-10.206347807329134
2,v1,media,509.txt,0.022601272514987336,-11.249227039636201
2,v1,media,135.txt,2.7108179412316247e-07,-7.832902857933694
2,v1,media,075.txt,9.628433172981232e-08,-11.869918013545892
2,v1,media,073.txt,5.438610537478183e-07,-10.684917844551833
2,v1,media,232.txt,-3.6450983298408346e-07,-11.14640156456615
2,v1,media,470.txt,-4.921575844640813e-07,-10.0861434845821
2,v1,media,196.txt,4.606094519132853e-07,-8.920285993065582
2,v1,media,531.txt,0.29271595065054967,-10.36080860629575
2,v1,media,331.txt,0.12433324584914196,-9.655687140654502
2,v1,media,321.txt,6.578436462234549e-09,-8.588179203565174
2,v1,media,414.txt,9.89574408860605e-07,-6.958462436643061
2,v1,media,107.txt,2.4546257670898797e-07,-9.947856391215245
2,v1,media,358.txt,-3.599385864916371e-07,-9.059267737813984
2,v1,media,508.txt,-6.048843093076073e-08,-9.756726928763815
2,v1,media,327.txt,0.12433324584914196,-8.85570461952918
2,v1,media,605.txt,-6.048843093076073e-08,-9.407994141928727
2,v1,media,536.txt,-4.921575844640813e-07,-10.871806683294402
2,v1,media,543.txt,7.194379154640274e-07,-9.938361882710106
2,v1,media,560.txt,2.7108179412316247e-07,-9.46589457656189
2,v1,media,211.txt,-3.6450983298408346e-07,-9.276144964248253
2,v1,media,253.txt,2.7108179412316247e-07,-9.799954429069157
2,v1,media,081.txt,9.89574408860605e-07,-6.99539436540688
2,v1,media,318.txt,-3.6450983298408346e-07,-9.317586277715007
2,v1,media,141.txt,2.3578141483682202e-07,-10.945333156463132
2,v1,media,125.txt,0.29271595065054967,-9.514738003578035
2,v1,media,218.txt,2.3578141483682202e-07,-9.148987760879884
2,v1,media,011.txt,1.0511576734595351e-06,-7.5286186917185365
2,v1,media,532.txt,2.4546257670898797e-07,-8.912879212746063
2,v1,media,288.txt,4.360626963961778e-07,-9.005461353696827
2,v1,media,608.txt,-3.6450983298408346e-07,-9.873882454940537
2,v1,media,396.txt,0.5017836919650966,-10.427546663136475
2,v1,media,372.txt,9.628433172981232e-08,-11.625969140902633
2,v1,media,567.txt,5.250355501473791e-07,-10.483109531398455
2,v1,media,155.txt,5.250355501473791e-07,-7.701536551926105
2,v1,media,238.txt,-5.946798227185468e-07,-8.55454869386655
2,v1,media,588.txt,2.4546257670898797e-07,-9.580810160055453
2,v1,media,024.txt,0.9723144748093318,-2.570660198951635
2,v1,media,472.txt,4.360626963961778e-07,-11.35574522648822
2,v1,media,273.txt,6.578436462234549e-09,-8.686536036446972
2,v1,media,366.txt,2.4546257670898797e-07,-8.59255510068509
2,v1,media,137.txt,-5.946798227185468e-07,-9.97784054182574
2,v1,media,295.txt,-3.599385864916371e-07,-8.562016847564676
2,v1,media,004.txt,2.4546257670898797e-07,-9.960295625317775
2,v1,media,457.txt,5.438610537478183e-07,-9.712162210730117
2,v1,media,282.txt,1.0511576734595351e-06,-9.715250490605058
2,v1,media,365.txt,-5.946798227185468e-07,-7.812005302355415
2,v1,media,357.txt,-3.6450983298408346e-07,-9.595327619293368
2,v1,media,140.txt,-5.946798227185468e-07,-8.784074275438176
2,v1,media,078.txt,9.628433172981232e-08,-10.26143324699038
2,v1,media,182.txt,6.578436462234549e-09,-9.188816897285667
2,v1,media,201.txt,-3.599385864916371e-07,-9.03590356718875
2,v1,media,055.txt,2.7494626548273438,-4.262111599904422
2,v1,media,469.txt,2.3578141483682202e-07,-10.207760694779184
2,v1,media,230.txt,5.438610537478183e-07,-8.484208053576083
2,v1,media,020.txt,2.4546257670898797e-07,-9.45002020479828
2,v1,media,407.txt,2.467555018093037e-07,-10.590903269848717
2,v1,media,341.txt,2.4546257670898797e-07,-10.81451854237116
2,v1,media,229.txt,0.29271595065054967,-9.03450558685703
2,v1,media,485.txt,4.360626963961778e-07,-10.836877486789492
2,v1,media,105.txt,2.5007760240391974e-07,-9.940157120119109
2,v1,media,499.txt,-1.2614444448999507e-06,-11.781046119881456
2,v1,media,492.txt,6.578436462234549e-09,-9.510808320103052
2,v1,media,409.txt,6.578436462234549e-09,-9.663020461890035
2,v1,media,260.txt,-3.599385864916371e-07,-10.777006412467243
2,v1,media,344.txt,1.0511576734595351e-06,-7.377725350506137
2,v1,media,572.txt,-3.599385864916371e-07,-10.034710205802533
2,v1,media,145.txt,5.250355501473791e-07,-11.594285643723277
2,v1,media,394.txt,5.438610537478183e-07,-11.966908488367517
2,v1,media,205.txt,-4.921575844640813e-07,-9.029605544334569
2,v1,media,094.txt,4.606094519132853e-07,-8.863656359460856
2,v1,media,072.txt,5.438610537478183e-07,-7.821939520849531
2,v1,media,533.txt,0.022601272514987336,-9.27137589234788
2,v1,media,551.txt,-5.946798227185468e-07,-10.572845749147048
2,v1,media,146.txt,6.578436462234549e-09,-9.595425372169574
2,v1,media,256.txt,0.12433324584914196,-9.425717257843768
2,v1,media,523.txt,-1.2614444448999507e-06,-15.190413273611956
2,v1,media,244.txt,0.5017836919650966,-9.208843735182342
2,v1,media,176.txt,0.29271595065054967,-8.709711482005376
2,v1,media,206.txt,2.4546257670898797e-07,-10.51382904029288
2,v1,media,254.txt,5.438610537478183e-07,-7.6120353620514765
2,v1,media,220.txt,0.12433324584914196,-9.634906985119303
2,v1,media,380.txt,0.411599642578955,-8.54167795364663
2,v1,media,607.txt,5.250355501473791e-07,-10.077522866916912
2,v1,tanh_deep,001.txt,-2.495212210979598,-9.268227924200579
2,v1,tanh_deep,537.txt,-2.6109700406903666,-10.458447291017901
2,v1,tanh_deep,248.txt,-2.952698499933063,-8.913991954109953
2,v1,tanh_deep,104.txt,-7.2177723923096995,-9.350836260814896
2,v1,tanh_deep,071.txt,-2.149978246869969,-9.051668982916471
2,v1,tanh_deep,343.txt,-2.757737167322591,-10.77371664234423
2,v1,tanh_deep,481.txt,-1.0137089180794507,-10.235498917708668
2,v1,tanh_deep,352.txt,-6.045016350724047,-10.206347807329134
2,v1,tanh_deep,509.txt,-1.560963613814497,-11.249227039636201
2,v1,tanh_deep,135.txt,-3.9265243567824144,-7.832902857933694
2,v1,tanh_deep,075.txt,-7.759877386349279,-11.869918013545892
2,v1,tanh_deep,073.txt,-2.6109700406903666,-10.684917844551833
2,v1,tanh_deep,232.txt,-2.3913272659010487,-11.14640156456615
2,v1,tanh_deep,470.txt,-1.9882715827577406,-10.0861434845821
2,v1,tanh_deep,196.txt,-3.5328865000174687,-8.920285993065582
2,v1,tanh_deep,531.txt,-1.0137089180794507,-10.36080860629575
2,v1,tanh_deep,331.txt,-1.2996336902419554,-9.655687140654502
2,v1,tanh_deep,321.txt,-1.7917894032973352,-8.588179203565174
2,v1,tanh_deep,414.txt,-5.459308016771048,-6.958462436643061
2,v1,tanh_deep,107.txt,-2.495212210979598,-9.947856391215245
2,v1,tanh_deep,358.txt,-2.149978246869969,-9.059267737813984
2,v1,tanh_deep,508.txt,-3.208693621887352,-9.756726928763815
2,v1,tanh_deep,327.txt,-1.2996336902419554,-8.85570461952918
2,v1,tanh_deep,605.txt,-3.208693621887352,-9.407994141928727
2,v1,tanh_deep,536.txt,-1.9882715827577406,-10.871806683294402
2,v1,tanh_deep,543.txt,-2.757737167322591,-9.938361882710106
2,v1,tanh_deep,560.txt,-3.9265243567824144,-9.46589457656189
2,v1,tanh_deep,211.txt,-2.3913272659010487,-9.276144964248253
2,v1,tanh_deep,253.txt,-3.9265243567824144,-9.799954429069157
2,v1,tanh_deep,081.txt,-5.459308016771048,-6.99539436540688
2,v1,tanh_deep,318.txt,-2.3913272659010487,-9.317586277715007
2,v1,tanh_deep,141.txt,-6.045016350724047,-10.945333156463132
2,v1,tanh_deep,125.txt,-1.0137089180794507,-9.514738003578035
2,v1,tanh_deep,218.txt,-6.045016350724047,-9.148987760879884
2,v1,tanh_deep,011.txt,-6.638415015765222,-7.5286186917185365
2,v1,tanh_deep,532.txt,-2.495212210979598,-8.912879212746063
2,v1,tanh_deep,288.txt,-4.900644487059598,-9.005461353696827
2,v1,tanh_deep,608.txt,-2.3913272659010487,-9.873882454940537
2,v1,tanh_deep,396.txt,-0.7100136209006508,-10.427546663136475
2,v1,tanh_deep,372.txt,-7.759877386349279,-11.625969140902633
2,v1,tanh_deep,567.txt,-4.385410021338173,-10.483109531398455
2,v1,tanh_deep,155.txt,-4.385410021338173,-7.701536551926105
2,v1,tanh_deep,238.txt,-2.281134460510958,-8.55454869386655
2,v1,tanh_deep,588.txt,-2.495212210979598,-9.580810160055453
2,v1,tanh_deep,024.txt,-0.07632522090480776,-2.570660198951635
2,v1,tanh_deep,472.txt,-4.900644487059598,-11.35574522648822
2,v1,tanh_deep,273.txt,-1.7917894032973352,-8.686536036446972
2,v1,tanh_deep,366.txt,-2.495212210979598,-8.59255510068509
2,v1,tanh_deep,137.txt,-2.281134460510958,-9.97784054182574
2,v1,tanh_deep,295.txt,-2.149978246869969,-8.562016847564676
2,v1,tanh_deep,004.txt,-2.495212210979598,-9.960295625317775
2,v1,tanh_deep,457.txt,-2.6109700406903666,-9.712162210730117
2,v1,tanh_deep,282.txt,-6.638415015765222,-9.715250490605058
2,v1,tanh_deep,365.txt,-2.281134460510958,-7.812005302355415
2,v1,tanh_deep,357.txt,-2.3913272659010487,-9.595327619293368
2,v1,tanh_deep,140.txt,-2.281134460510958,-8.784074275438176
2,v1,tanh_deep,078.txt,-7.759877386349279,-10.26143324699038
2,v1,tanh_deep,182.txt,-1.7917894032973352,-9.188816897285667
2,v1,tanh_deep,201.txt,-2.149978246869969,-9.03590356718875
2,v1,tanh_deep,055.txt,2.5544359542100006,-4.262111599904422
2,v1,tanh_deep,469.txt,-6.045016350724047,-10.207760694779184
2,v1,tanh_deep,230.txt,-2.6109700406903666,-8.484208053576083
2,v1,tanh_deep,020.txt,-2.495212210979598,-9.45002020479828
2,v1,tanh_deep,407.txt,-7.2177723923096995,-10.590903269848717
2,v1,tanh_deep,341.txt,-2.495212210979598,-10.81451854237116
2,v1,tanh_deep,229.txt,-1.0137089180794507,-9.03450558685703
2,v1,tanh_deep,485.txt,-4.900644487059598,-10.836877486789492
2,v1,tanh_deep,105.txt,-2.952698499933063,-9.940157120119109
2,v1,tanh_deep,499.txt,-8.241361739008804,-11.781046119881456
2,v1,tanh_deep,492.txt,-1.7917894032973352,-9.510808320103052
2,v1,tanh_deep,409.txt,-1.7917894032973352,-9.663020461890035
2,v1,tanh_deep,260.txt,-2.149978246869969,-10.777006412467243
2,v1,tanh_deep,344.txt,-6.638415015765222,-7.377725350506137
2,v1,tanh_deep,572.txt,-2.149978246869969,-10.034710205802533
2,v1,tanh_deep,145.txt,-4.385410021338173,-11.594285643723277
2,v1,tanh_deep,394.txt,-2.6109700406903666,-11.966908488367517
2,v1,tanh_deep,205.txt,-1.9882715827577406,-9.029605544334569
2,v1,tanh_deep,094.txt,-3.5328865000174687,-8.863656359460856
2,v1,tanh_deep,072.txt,-2.6109700406903666,-7.821939520849531
2,v1,tanh_deep,533.txt,-1.560963613814497,-9.27137589234788
2,v1,tanh_deep,551.txt,-2.281134460510958,-10.572845749147048
2,v1,tanh_deep,146.txt,-1.7917894032973352,-9.595425372169574
2,v1,tanh_deep,256.txt,-1.2996336902419554,-9.425717257843768
2,v1,tanh_deep,523.txt,-8.241361739008804,-15.190413273611956
2,v1,tanh_deep,244.txt,-0.7100136209006508,-9.208843735182342
2,v1,tanh_deep,176.txt,-1.0137089180794507,-8.709711482005376
2,v1,tanh_deep,206.txt,-2.495212210979598,-10.51382904029288
2,v1,tanh_deep,254.txt,-2.6109700406903666,-7.6120353620514765
2,v1,tanh_deep,220.txt,-1.2996336902419554,-9.634906985119303
2,v1,tanh_deep,380.txt,-0.8723729513241989,-8.54167795364663
2,v1,tanh_deep,607.txt,-4.385410021338173,-10.077522866916912
2,tau,simple,001.txt,-4.369807748982879e-07,-9.268227924200579
2,tau,simple,537.txt,-4.2708904390842406e-07,-10.458447291017901
2,tau,simple,248.txt,4.016243606574932e-07,-8.913991954109953
2,tau,simple,104.txt,-2.442468434393774e-06,-9.350836260814896
2,tau,simple,071.txt,-4.5875472864942424e-07,-9.051668982916471
2,tau,simple,343.txt,3.3008983191251673e-07,-10.77371664234423
2,tau,simple,481.txt,0.044606999855901996,-10.235498917708668
2,tau,simple,352.txt,-1.5455493049820745e-06,-10.206347807329134
2,tau,simple,509.txt,-2.4600207604308366e-07,-11.249227039636201
2,tau,simple,135.txt,1.245639551505917e-07,-7.832902857933694
2,tau,simple,075.txt,-1.8368290066739235e-06,-11.869918013545892
2,tau,simple,073.txt,-4.2708904390842406e-07,-10.684917844551833
2,tau,simple,232.txt,-4.1572224018793236e-07,-11.14640156456615
2,tau,simple,470.txt,-4.948803424831283e-07,-10.0861434845821
2,tau,simple,196.txt,3.5624017780122585e-07,-8.920285993065582
2,tau,simple,531.txt,0.044606999855901996,-10.36080860629575
2,tau,simple,331.txt,9.242091536521002e-09,-9.655687140654502
2,tau,simple,321.txt,-6.323558343623858e-08,-8.588179203565174
2,tau,simple,414.txt,-4.209315698222582e-07,-6.958462436643061
2,tau,simple,107.txt,-4.369807748982879e-07,-9.947856391215245
2,tau,simple,358.txt,-4.5875472864942424e-07,-9.059267737813984
2,tau,simple,508.txt,5.198146728613295e-07,-9.756726928763815
2,tau,simple,327.txt,9.242091536521002e-09,-8.85570461952918
2,tau,simple,605.txt,5.198146728613295e-07,-9.407994141928727
2,tau,simple,536.txt,-4.948803424831283e-07,-10.871806683294402
2,tau,simple,543.txt,3.3008983191251673e-07,-9.938361882710106
2,tau,simple,560.txt,1.245639551505917e-07,-9.46589457656189
2,tau,simple,211.txt,-4.1572224018793236e-07,-9.276144964248253
2,tau,simple,253.txt,1.245639551505917e-07,-9.799954429069157
2,tau,simple,081.txt,-4.209315698222582e-07,-6.99539436540688
2,tau,simple,318.txt,-4.1572224018793236e-07,-9.317586277715007
2,tau,simple,141.txt,-1.5455493049820745e-06,-10.945333156463132
2,tau,simple,125.txt,0.044606999855901996,-9.514738003578035
2,tau,simple,218.txt,-1.5455493049820745e-06,-9.148987760879884
2,tau,simple,011.txt,-2.586980826002616e-06,-7.5286186917185365
2,tau,simple,532.txt,-4.369807748982879e-07,-8.912879212746063
2,tau,simple,288.txt,-1.1480355601722891e-06,-9.005461353696827
2,tau,simple,608.txt,-4.1572224018793236e-07,-9.873882454940537
2,tau,simple,396.txt,0.19949865728814453,-10.427546663136475
2,tau,simple,372.txt,-1.8368290066739235e-06,-11.625969140902633
2,tau,simple,567.txt,-1.994206255684361e-07,-10.483109531398455
2,tau,simple,155.txt,-1.994206255684361e-07,-7.701536551926105
2,tau,simple,238.txt,-3.74946698800116e-07,-8.55454869386655
2,tau,simple,588.txt,-4.369807748982879e-07,-9.580810160055453
2,tau,simple,024.txt,0.697745041832853,-2.570660198951635
2,tau,simple,472.txt,-1.1480355601722891e-06,-11.35574522648822
2,tau,simple,273.txt,-6.323558343623858e-08,-8.686536036446972
2,tau,simple,366.txt,-4.369807748982879e-07,-8.59255510068509
2,tau,simple,137.txt,-3.74946698800116e-07,-9.97784054182574
2,tau,simple,295.txt,-4.5875472864942424e-07,-8.562016847564676
2,tau,simple,004.txt,-4.369807748982879e-07,-9.960295625317775
2,tau,simple,457.txt,-4.2708904390842406e-07,-9.712162210730117
2,tau,simple,282.txt,-2.586980826002616e-06,-9.715250490605058
2,tau,simple,365.txt,-3.74946698800116e-07,-7.812005302355415
2,tau,simple,357.txt,-4.1572224018793236e-07,-9.595327619293368
2,tau,simple,140.txt,-3.74946698800116e-07,-8.784074275438176
2,tau,simple,078.txt,-1.8368290066739235e-06,-10.26143324699038
2,tau,simple,182.txt,-6.323558343623858e-08,-9.188816897285667
2,tau,simple,201.txt,-4.5875472864942424e-07,-9.03590356718875
2,tau,simple,055.txt,3.2729755616621445,-4.262111599904422
2,tau,simple,469.txt,-1.5455493049820745e-06,-10.207760694779184
2,tau,simple,230.txt,-4.2708904390842406e-07,-8.484208053576083
2,tau,simple,020.txt,-4.369807748982879e-07,-9.45002020479828
2,tau,simple,407.txt,-2.442468434393774e-06,-10.590903269848717
2,tau,simple,341.txt,-4.369807748982879e-07,-10.81451854237116
2,tau,simple,229.txt,0.044606999855901996,-9.03450558685703
2,tau,simple,485.txt,-1.1480355601722891e-06,-10.836877486789492
2,tau,simple,105.txt,4.016243606574932e-07,-9.940157120119109
2,tau,simple,499.txt,-3.816697810909986e-06,-11.781046119881456
2,tau,simple,492.txt,-6.323558343623858e-08,-9.510808320103052
2,tau,simple,409.txt,-6.323558343623858e-08,-9.663020461890035
2,tau,simple,260.txt,-4.5875472864942424e-07,-10.777006412467243
2,tau,simple,344.txt,-2.586980826002616e-06,-7.377725350506137
2,tau,simple,572.txt,-4.5875472864942424e-07,-10.034710205802533
2,tau,simple,145.txt,-1.994206255684361e-07,-11.594285643723277
2,tau,simple,394.txt,-4.2708904390842406e-07,-11.966908488367517
2,tau,simple,205.txt,-4.948803424831283e-07,-9.029605544334569
2,tau,simple,094.txt,3.5624017780122585e-07,-8.863656359460856
2,tau,simple,072.txt,-4.2708904390842406e-07,-7.821939520849531
2,tau,simple,533.txt,-2.4600207604308366e-07,-9.27137589234788
2,tau,simple,551.txt,-3.74946698800116e-07,-10.572845749147048
2,tau,simple,146.txt,-6.323558343623858e-08,-9.595425372169574
2,tau,simple,256.txt,9.242091536521002e-09,-9.425717257843768
2,tau,simple,523.txt,-3.816697810909986e-06,-15.190413273611956
2,tau,simple,244.txt,0.19949865728814453,-9.208843735182342
2,tau,simple,176.txt,0.044606999855901996,-8.709711482005376
2,tau,simple,206.txt,-4.369807748982879e-07,-10.51382904029288
2,tau,simple,254.txt,-4.2708904390842406e-07,-7.6120353620514765
2,tau,simple,220.txt,9.242091536521002e-09,-9.634906985119303
2,tau,simple,380.txt,0.19348816320414963,-8.54167795364663
2,tau,simple,607.txt,-1.994206255684361e-07,-10.077522866916912
2,tau,media,001.txt,-6.253274381176176,-9.268227924200579
2,tau,media,537.txt,-6.47168530736302,-10.458447291017901
2,tau,media,248.txt,-6.872172672113505,-8.913991954109953
2,tau,media,104.txt,-5.754127253915261,-9.350836260814896
2,tau,media,071.txt,-5.579963660606763,-9.051668982916471
2,tau,media,343.txt,-6.680028397749398,-10.77371664234423
2,tau,media,481.txt,-2.9909570731397292,-10.235498917708668
2,tau,media,352.txt,-6.797471806055693,-10.206347807329134
2,tau,media,509.txt,-4.2741848491683605,-11.249227039636201
2,tau,media,135.txt,-7.262442869593023,-7.832902857933694
2,tau,media,075.txt,-4.960757001136068,-11.869918013545892
2,tau,media,073.txt,-6.47168530736302,-10.684917844551833
2,tau,media,232.txt,-6.029555914897151,-11.14640156456615
2,tau,media,470.txt,-5.303154816762661,-10.0861434845821
2,tau,media,196.txt,-7.1745110331746105,-8.920285993065582
2,tau,media,531.txt,-2.9909570731397292,-10.36080860629575
2,tau,media,331.txt,-3.644537958793574,-9.655687140654502
2,tau,media,321.txt,-4.844030066184121,-8.588179203565174
2,tau,media,414.txt,-7.079577448934515,-6.958462436643061
2,tau,media,107.txt,-6.253274381176176,-9.947856391215245
2,tau,media,358.txt,-5.579963660606763,-9.059267737813984
2,tau,media,508.txt,-7.040297236686242,-9.756726928763815
2,tau,media,327.txt,-3.644537958793574,-8.85570461952918
2,tau,media,605.txt,-7.040297236686242,-9.407994141928727
2,tau,media,536.txt,-5.303154816762661,-10.871806683294402
2,tau,media,543.txt,-6.680028397749398,-9.938361882710106
2,tau,media,560.txt,-7.262442869593023,-9.46589457656189
2,tau,media,211.txt,-6.029555914897151,-9.276144964248253
2,tau,media,253.txt,-7.262442869593023,-9.799954429069157
2,tau,media,081.txt,-7.079577448934515,-6.99539436540688
2,tau,media,318.txt,-6.029555914897151,-9.317586277715007
2,tau,media,141.txt,-6.797471806055693,-10.945333156463132
2,tau,media,125.txt,-2.9909570731397292,-9.514738003578035
2,tau,media,218.txt,-6.797471806055693,-9.148987760879884
2,tau,media,011.txt,-6.363127081839869,-7.5286186917185365
2,tau,media,532.txt,-6.253274381176176,-8.912879212746063
2,tau,media,288.txt,-7.235144116689646,-9.005461353696827
2,tau,media,608.txt,-6.029555914897151,-9.873882454940537
2,tau,media,396.txt,-2.3383437238985008,-10.427546663136475
2,tau,media,372.txt,-4.960757001136068,-11.625969140902633
2,tau,media,567.txt,-7.288821691857992,-10.483109531398455
2,tau,media,155.txt,-7.288821691857992,-7.701536551926105
2,tau,media,238.txt,-5.804190881504985,-8.55454869386655
2,tau,media,588.txt,-6.253274381176176,-9.580810160055453
2,tau,media,024.txt,-1.0978745284032776,-2.570660198951635
2,tau,media,472.txt,-7.235144116689646,-11.35574522648822
2,tau,media,273.txt,-4.844030066184121,-8.686536036446972
2,tau,media,366.txt,-6.253274381176176,-8.59255510068509
2,tau,media,137.txt,-5.804190881504985,-9.97784054182574
2,tau,media,295.txt,-5.579963660606763,-8.562016847564676
2,tau,media,004.txt,-6.253274381176176,-9.960295625317775
2,tau,media,457.txt,-6.47168530736302,-9.712162210730117
2,tau,media,282.txt,-6.363127081839869,-9.715250490605058
2,tau,media,365.txt,-5.804190881504985,-7.812005302355415
2,tau,media,357.txt,-6.029555914897151,-9.595327619293368
2,tau,media,140.txt,-5.804190881504985,-8.784074275438176
2,tau,media,078.txt,-4.960757001136068,-10.26143324699038
2,tau,media,182.txt,-4.844030066184121,-9.188816897285667
2,tau,media,201.txt,-5.579963660606763,-9.03590356718875
2,tau,media,055.txt,2.8204200419372683,-4.262111599904422
2,tau,media,469.txt,-6.797471806055693,-10.207760694779184
2,tau,media,230.txt,-6.47168530736302,-8.484208053576083
2,tau,media,020.txt,-6.253274381176176,-9.45002020479828
2,tau,media,407.txt,-5.754127253915261,-10.590903269848717
2,tau,media,341.txt,-6.253274381176176,-10.81451854237116
2,tau,media,229.txt,-2.9909570731397292,-9.03450558685703
2,tau,media,485.txt,-7.235144116689646,-10.836877486789492
2,tau,media,105.txt,-6.872172672113505,-9.940157120119109
2,tau,media,499.txt,-4.005414235855627,-11.781046119881456
2,tau,media,492.txt,-4.844030066184121,-9.510808320103052
2,tau,media,409.txt,-4.844030066184121,-9.663020461890035
2,tau,media,260.txt,-5.579963660606763,-10.777006412467243
2,tau,media,344.txt,-6.363127081839869,-7.377725350506137
2,tau,media,572.txt,-5.579963660606763,-10.034710205802533
2,tau,media,145.txt,-7.288821691857992,-11.594285643723277
2,tau,media,394.txt,-6.47168530736302,-11.966908488367517
2,tau,media,205.txt,-5.303154816762661,-9.029605544334569
2,tau,media,094.txt,-7.1745110331746105,-8.863656359460856
2,tau,media,072.txt,-6.47168530736302,-7.821939520849531
2,tau,media,533.txt,-4.2741848491683605,-9.27137589234788
2,tau,media,551.txt,-5.804190881504985,-10.572845749147048
2,tau,media,146.txt,-4.844030066184121,-9.595425372169574
2,tau,media,256.txt,-3.644537958793574,-9.425717257843768
2,tau,media,523.txt,-4.005414235855627,-15.190413273611956
2,tau,media,244.txt,-2.3383437238985008,-9.208843735182342
2,tau,media,176.txt,-2.9909570731397292,-8.709711482005376
2,tau,media,206.txt,-6.253274381176176,-10.51382904029288
2,tau,media,254.txt,-6.47168530736302,-7.6120353620514765
2,tau,media,220.txt,-3.644537958793574,-9.634906985119303
2,tau,media,380.txt,-2.7169457389094105,-8.54167795364663
2,tau,media,607.txt,-7.288821691857992,-10.077522866916912
2,tau,tanh_deep,001.txt,-9.70439061770012,-9.268227924200579
2,tau,tanh_deep,537.txt,-10.02600616283413,-10.458447291017901
2,tau,tanh_deep,248.txt,-10.325479465575313,-8.913991954109953
2,tau,tanh_deep,104.txt,-7.75762554452287,-9.350836260814896
2,tau,tanh_deep,071.txt,-8.174609184371228,-9.051668982916471
2,tau,tanh_deep,343.txt,-10.23420075941206,-10.77371664234423
2,tau,tanh_deep,481.txt,-4.72940934235352,-10.235498917708668
2,tau,tanh_deep,352.txt,-8.561085269626094,-10.206347807329134
2,tau,tanh_deep,509.txt,-6.145623044511513,-11.249227039636201
2,tau,tanh_deep,135.txt,-9.9604604383519,-7.832902857933694
2,tau,tanh_deep,075.txt,-7.365478856573801,-11.869918013545892
2,tau,tanh_deep,073.txt,-10.02600616283413,-10.684917844551833
2,tau,tanh_deep,232.txt,-9.278818615122704,-11.14640156456615
2,tau,tanh_deep,470.txt,-7.530625987786141,-10.0861434845821
2,tau,tanh_deep,196.txt,-10.17646882353353,-8.920285993065582
2,tau,tanh_deep,531.txt,-4.72940934235352,-10.36080860629575
2,tau,tanh_deep,331.txt,-5.435106622618943,-9.655687140654502
2,tau,tanh_deep,321.txt,-6.848889959759418,-8.588179203565174
2,tau,tanh_deep,414.txt,-8.956538144321671,-6.958462436643061
2,tau,tanh_deep,107.txt,-9.70439061770012,-9.947856391215245
2,tau,tanh_deep,358.txt,-8.174609061680734,-9.059267737813984
2,tau,tanh_deep,508.txt,-10.303038817165097,-9.756726928763815
2,tau,tanh_deep,327.txt,-5.435106622618943,-8.85570461952918
2,tau,tanh_deep,605.txt,-10.303038817165097,-9.407994141928727
2,tau,tanh_deep,536.txt,-7.530625987786141,-10.871806683294402
2,tau,tanh_deep,543.txt,-10.23420075941206,-9.938361882710106
2,tau,tanh_deep,560.txt,-9.9604604383519,-9.46589457656189
2,tau,tanh_deep,211.txt,-9.278818615122704,-9.276144964248253
2,tau,tanh_deep,253.txt,-9.9604604383519,-9.799954429069157
2,tau,tanh_deep,081.txt,-8.956538144321671,-6.99539436540688
2,tau,tanh_deep,318.txt,-9.278818615122704,-9.317586277715007
2,tau,tanh_deep,141.txt,-8.561085269626094,-10.945333156463132
2,tau,tanh_deep,125.txt,-4.72940934235352,-9.514738003578035
2,tau,tanh_deep,218.txt,-8.561085269626094,-9.148987760879884
2,tau,tanh_deep,011.txt,-8.158334400891082,-7.5286186917185365
2,tau,tanh_deep,532.txt,-9.70439061770012,-8.912879212746063
2,tau,tanh_deep,288.txt,-9.332258826368516,-9.005461353696827
2,tau,tanh_deep,608.txt,-9.278818615122704,-9.873882454940537
2,tau,tanh_deep,396.txt,-4.038344297397083,-10.427546663136475
2,tau,tanh_deep,372.txt,-7.365478856573801,-11.625969140902633
2,tau,tanh_deep,567.txt,-9.67281383059142,-10.483109531398455
2,tau,tanh_deep,155.txt,-9.67281383059142,-7.701536551926105
2,tau,tanh_deep,238.txt,-8.763295181924784,-8.55454869386655
2,tau,tanh_deep,588.txt,-9.70439061770012,-9.580810160055453
2,tau,tanh_deep,024.txt,-2.7288892964258546,-2.570660198951635
2,tau,tanh_deep,472.txt,-9.332258826368516,-11.35574522648822
2,tau,tanh_deep,273.txt,-6.848889959759418,-8.686536036446972
2,tau,tanh_deep,366.txt,-9.70439061770012,-8.59255510068509
2,tau,tanh_deep,137.txt,-8.763295181924784,-9.97784054182574
2,tau,tanh_deep,295.txt,-8.174609184371228,-8.562016847564676
2,tau,tanh_deep,004.txt,-9.70439061770012,-9.960295625317775
2,tau,tanh_deep,457.txt,-10.02600616283413,-9.712162210730117
2,tau,tanh_deep,282.txt,-8.158334400891082,-9.715250490605058
2,tau,tanh_deep,365.txt,-8.763295181924784,-7.812005302355415
2,tau,tanh_deep,357.txt,-9.278818615122704,-9.595327619293368
2,tau,tanh_deep,140.txt,-8.763295181924784,-8.784074275438176
2,tau,tanh_deep,078.txt,-7.365478856573801,-10.26143324699038
2,tau,tanh_deep,182.txt,-6.848889959759418,-9.188816897285667
2,tau,tanh_deep,201.txt,-8.174609184371228,-9.03590356718875
2,tau,tanh_deep,055.txt,1.7561228974102292,-4.262111599904422
2,tau,tanh_deep,469.txt,-8.561085269626094,-10.207760694779184
2,tau,tanh_deep,230.txt,-10.02600616283413,-8.484208053576083
2,tau,tanh_deep,020.txt,-9.70439061770012,-9.45002020479828
2,tau,tanh_deep,407.txt,-7.75762554452287,-10.590903269848717
2,tau,tanh_deep,341.txt,-9.70439061770012,-10.81451854237116
2,tau,tanh_deep,229.txt,-4.72940934235352,-9.03450558685703
2,tau,tanh_deep,485.txt,-9.332258826368516,-10.836877486789492
2,tau,tanh_deep,105.txt,-10.325479465575313,-9.940157120119109
2,tau,tanh_deep,499.txt,-6.986093194487264,-11.781046119881456
2,tau,tanh_deep,492.txt,-6.848889959759418,-9.510808320103052
2,tau,tanh_deep,409.txt,-6.848889959759418,-9.663020461890035
2,tau,tanh_deep,260.txt,-8.174609184371228,-10.777006412467243
2,tau,tanh_deep,344.txt,-8.158334400891082,-7.377725350506137
2,tau,tanh_deep,572.txt,-8.174609184371228,-10.034710205802533
2,tau,tanh_deep,145.txt,-9.67281383059142,-11.594285643723277
2,tau,tanh_deep,394.txt,-10.02600616283413,-11.966908488367517
2,tau,tanh_deep,205.txt,-7.530625987786141,-9.029605544334569
2,tau,tanh_deep,094.txt,-10.17646882353353,-8.863656359460856
2,tau,tanh_deep,072.txt,-10.02600616283413,-7.821939520849531
2,tau,tanh_deep,533.txt,-6.145623044511513,-9.27137589234788
2,tau,tanh_deep,551.txt,-8.763295181924784,-10.572845749147048
2,tau,tanh_deep,146.txt,-6.848889959759418,-9.595425372169574
2,tau,tanh_deep,256.txt,-5.435106622618943,-9.425717257843768
2,tau,tanh_deep,523.txt,-6.986093194487264,-15.190413273611956
2,tau,tanh_deep,244.txt,-4.038344297397083,-9.208843735182342
2,tau,tanh_deep,176.txt,-4.72940934235352,-8.709711482005376
2,tau,tanh_deep,206.txt,-9.70439061770012,-10.51382904029288
2,tau,tanh_deep,254.txt,-10.02600616283413,-7.6120353620514765
2,tau,tanh_deep,220.txt,-5.435106622618943,-9.634906985119303
2,tau,tanh_deep,380.txt,-4.449577527874169,-8.54167795364663
2,tau,tanh_deep,607.txt,-9.67281383059142,-10.077522866916912
2,tau_v0,simple,001.txt,-3.795970825795208,-9.268227924200579
2,tau_v0,simple,537.txt,-4.5120381385107375,-10.458447291017901
2,tau_v0,simple,248.txt,-3.968323551420503,-8.913991954109953
2,tau_v0,simple,104.txt,-7.75019892871067,-9.350836260814896
2,tau_v0,simple,071.txt,-2.7843424938684818,-9.051668982916471
2,tau_v0,simple,343.txt,-4.414645034561927,-10.77371664234423
2,tau_v0,simple,481.txt,-1.1238575910294037,-10.235498917708668
2,tau_v0,simple,352.txt,-7.005901087390126,-10.206347807329134
2,tau_v0,simple,509.txt,-2.3088191211938454,-11.249227039636201
2,tau_v0,simple,135.txt,-4.9573027006383255,-7.832902857933694
2,tau_v0,simple,075.txt,-8.137640541260676,-11.869918013545892
2,tau_v0,simple,073.txt,-3.833388166114357,-10.684917844551833
2,tau_v0,simple,232.txt,-3.8988669160851748,-11.14640156456615
2,tau_v0,simple,470.txt,-2.756704099042084,-10.0861434845821
2,tau_v0,simple,196.txt,-5.618130636082622,-8.920285993065582
2,tau_v0,simple,531.txt,-1.6591835683644756,-10.36080860629575
2,tau_v0,simple,331.txt,-1.2154620443625694,-9.655687140654502
2,tau_v0,simple,321.txt,-2.3542823760679066,-8.588179203565174
2,tau_v0,simple,414.txt,-6.710359462536065,-6.958462436643061
2,tau_v0,simple,107.txt,-3.7462099405467963,-9.947856391215245
2,tau_v0,simple,358.txt,-0.4948382898417063,-9.059267737813984
2,tau_v0,simple,508.txt,-4.730751220194017,-9.756726928763815
2,tau_v0,simple,327.txt,-1.613048196831399,-8.85570461952918
2,tau_v0,simple,605.txt,-4.227397615141825,-9.407994141928727
2,tau_v0,simple,536.txt,-3.176620667742854,-10.871806683294402
2,tau_v0,simple,543.txt,-3.2747688592271613,-9.938361882710106
2,tau_v0,simple,560.txt,-4.399707138775273,-9.46589457656189
2,tau_v0,simple,211.txt,-4.085125745871936,-9.276144964248253
2,tau_v0,simple,253.txt,-5.974598128439266,-9.799954429069157
2,tau_v0,simple,081.txt,-6.6796469100810345,-6.99539436540688
2,tau_v0,simple,318.txt,-0.31512555234142714,-9.317586277715007
2,tau_v0,simple,141.txt,-7.091797851230979,-10.945333156463132
2,tau_v0,simple,125.txt,-1.0499434583206566,-9.514738003578035
2,tau_v0,simple,218.txt,-6.704989880033697,-9.148987760879884
2,tau_v0,simple,011.txt,-7.35998651675286,-7.5286186917185365
2,tau_v0,simple,532.txt,-4.266666526799876,-8.912879212746063
2,tau_v0,simple,288.txt,-6.491352111634495,-9.005461353696827
2,tau_v0,simple,608.txt,-3.1428647321819074,-9.873882454940537
2,tau_v0,simple,396.txt,-1.2938741971467878,-10.427546663136475
2,tau_v0,simple,372.txt,-8.127876611592344,-11.625969140902633
2,tau_v0,simple,567.txt,-5.464816909855918,-10.483109531398455
2,tau_v0,simple,155.txt,-6.196635105691694,-7.701536551926105
2,tau_v0,simple,238.txt,-1.5959351876490395,-8.55454869386655
2,tau_v0,simple,588.txt,-3.061818378612732,-9.580810160055453
2,tau_v0,simple,024.txt,-0.6543005176605174,-2.570660198951635
2,tau_v0,simple,472.txt,-6.491720228184577,-11.35574522648822
2,tau_v0,simple,273.txt,0.4768634143668766,-8.686536036446972
2,tau_v0,simple,366.txt,-3.931666600365351,-8.59255510068509
2,tau_v0,simple,137.txt,-3.335955473482369,-9.97784054182574
2,tau_v0,simple,295.txt,-3.4751953169093444,-8.562016847564676
2,tau_v0,simple,004.txt,-4.2016869736568765,-9.960295625317775
2,tau_v0,simple,457.txt,-3.809689496305741,-9.712162210730117
2,tau_v0,simple,282.txt,-6.553289886335518,-9.715250490605058
2,tau_v0,simple,365.txt,-2.96823565431343,-7.812005302355415
2,tau_v0,simple,357.txt,-3.3220965192004837,-9.595327619293368
2,tau_v0,simple,140.txt,-2.5632520250262116,-8.784074275438176
2,tau_v0,simple,078.txt,-7.406253214975533,-10.26143324699038
2,tau_v0,simple,182.txt,-2.648186815835552,-9.188816897285667
2,tau_v0,simple,201.txt,-2.8505130969143186,-9.03590356718875
2,tau_v0,simple,055.txt,1.1213602389424624,-4.262111599904422
2,tau_v0,simple,469.txt,-7.002537124098421,-10.207760694779184
2,tau_v0,simple,230.txt,-3.5607752399345847,-8.484208053576083
2,tau_v0,simple,020.txt,-1.9395929247977923,-9.45002020479828
2,tau_v0,simple,407.txt,-7.755709175126009,-10.590903269848717
2,tau_v0,simple,341.txt,-3.6036379546380304,-10.81451854237116
2,tau_v0,simple,229.txt,-0.760068519540837,-9.03450558685703
2,tau_v0,simple,485.txt,-6.075213396216046,-10.836877486789492
2,tau_v0,simple,105.txt,-4.545505555688895,-9.940157120119109
2,tau_v0,simple,499.txt,-8.446455325019542,-11.781046119881456
2,tau_v0,simple,492.txt,-2.3698031247308546,-9.510808320103052
2,tau_v0,simple,409.txt,-1.5193402580224376,-9.663020461890035
2,tau_v0,simple,260.txt,-3.330549681030493,-10.777006412467243
2,tau_v0,simple,344.txt,-7.3946389207543355,-7.377725350506137
2,tau_v0,simple,572.txt,-3.2771743714960455,-10.034710205802533
2,tau_v0,simple,145.txt,-5.938592026852478,-11.594285643723277
2,tau_v0,simple,394.txt,-3.8002718623920266,-11.966908488367517
2,tau_v0,simple,205.txt,-3.091986256293638,-9.029605544334569
2,tau_v0,simple,094.txt,-4.5948767839750975,-8.863656359460856
2,tau_v0,simple,072.txt,-3.843384056201705,-7.821939520849531
2,tau_v0,simple,533.txt,-2.2233307724584144,-9.27137589234788
2,tau_v0,simple,551.txt,-3.4248434798651637,-10.572845749147048
2,tau_v0,simple,146.txt,-1.7994904834814902,-9.595425372169574
2,tau_v0,simple,256.txt,-0.1690509466680763,-9.425717257843768
2,tau_v0,simple,523.txt,-8.063298099479876,-15.190413273611956
2,tau_v0,simple,244.txt,-0.6658433962640065,-9.208843735182342
2,tau_v0,simple,176.txt,-0.6954382082618047,-8.709711482005376
2,tau_v0,simple,206.txt,-3.050347805540608,-10.51382904029288
2,tau_v0,simple,254.txt,-3.084986029481553,-7.6120353620514765
2,tau_v0,simple,220.txt,-2.102321918261105,-9.634906985119303
2,tau_v0,simple,380.txt,-1.0888134352956849,-8.54167795364663
2,tau_v0,simple,607.txt,-6.244809377530689,-10.077522866916912
2,tau_v0,media,001.txt,-1.6074442266748208,-9.268227924200579
2,tau_v0,media,537.txt,-4.122693906169966,-10.458447291017901
2,tau_v0,media,248.txt,-0.04066776183623544,-8.913991954109953
2,tau_v0,media,104.txt,-3.858715336265579,-9.350836260814896
2,tau_v0,media,071.txt,-0.7898176999922035,-9.051668982916471
2,tau_v0,media,343.txt,-3.0939641189375253,-10.77371664234423
2,tau_v0,media,481.txt,-0.3151858326717971,-10.235498917708668
2,tau_v0,media,352.txt,-4.032955432660055,-10.206347807329134
2,tau_v0,media,509.txt,-2.679718662280731,-11.249227039636201
2,tau_v0,media,135.txt,-0.1298115589458113,-7.832902857933694
2,tau_v0,media,075.txt,-2.405408234403465,-11.869918013545892
2,tau_v0,media,073.txt,-1.2685863273542095,-10.684917844551833
2,tau_v0,media,232.txt,-3.4525314530772127,-11.14640156456615
2,tau_v0,media,470.txt,-2.2346487634006187,-10.0861434845821
2,tau_v0,media,196.txt,-4.6560255318603225,-8.920285993065582
2,tau_v0,media,531.txt,-2.248730344448961,-10.36080860629575
2,tau_v0,media,331.txt,0.32389359098229376,-9.655687140654502
2,tau_v0,media,321.txt,-1.9106793180169843,-8.588179203565174
2,tau_v0,media,414.txt,-5.242358936819115,-6.958462436643061
2,tau_v0,media,107.txt,-1.2971310528773794,-9.947856391215245
2,tau_v0,media,358.txt,0.8608741720764708,-9.059267737813984
2,tau_v0,media,508.txt,-1.9203546694049711,-9.756726928763815
2,tau_v0,media,327.txt,-1.3378512460540912,-8.85570461952918
2,tau_v0,media,605.txt,-3.587836958640622e-07,-9.407994141928727
2,tau_v0,media,536.txt,-3.4037383941016186,-10.871806683294402
2,tau_v0,media,543.txt,5.522020967152486e-07,-9.938361882710106
2,tau_v0,media,560.txt,-1.2272664806634026e-06,-9.46589457656189
2,tau_v0,media,211.txt,-3.870937852123383,-9.276144964248253
2,tau_v0,media,253.txt,-4.246022422354855,-9.799954429069157
2,tau_v0,media,081.txt,-4.681970040301853,-6.99539436540688
2,tau_v0,media,318.txt,0.7318301308756667,-9.317586277715007
2,tau_v0,media,141.txt,-5.737770665593788,-10.945333156463132
2,tau_v0,media,125.txt,0.15728152918120886,-9.514738003578035
2,tau_v0,media,218.txt,-0.7106888759252394,-9.148987760879884
2,tau_v0,media,011.txt,-5.827411217395282,-7.5286186917185365
2,tau_v0,media,532.txt,-3.964639005122962,-8.912879212746063
2,tau_v0,media,288.txt,-4.956761790161674,-9.005461353696827
2,tau_v0,media,608.txt,-0.2624450253649615,-9.873882454940537
2,tau_v0,media,396.txt,-1.8545212085275358,-10.427546663136475
2,tau_v0,media,372.txt,-5.448052518277696,-11.625969140902633
2,tau_v0,media,567.txt,-0.6603672146202242,-10.483109531398455
2,tau_v0,media,155.txt,-4.885953449058176,-7.701536551926105
2,tau_v0,media,238.txt,0.2651060788723014,-8.55454869386655
2,tau_v0,media,588.txt,-6.600823887481511e-07,-9.580810160055453
2,tau_v0,media,024.txt,-1.1362161073402142,-2.570660198951635
2,tau_v0,media,472.txt,-2.906561059577128,-11.35574522648822
2,tau_v0,media,273.txt,1.6229035212884204,-8.686536036446972
2,tau_v0,media,366.txt,-2.8349744296666906,-8.59255510068509
2,tau_v0,media,137.txt,-1.7380505251835139,-9.97784054182574
2,tau_v0,media,295.txt,-3.442730910800229,-8.562016847564676
2,tau_v0,media,004.txt,-3.8444296303418497,-9.960295625317775
2,tau_v0,media,457.txt,-1.1592833000014535,-9.712162210730117
2,tau_v0,media,282.txt,-1.8619975217237794e-06,-9.715250490605058
2,tau_v0,media,365.txt,-0.6199797154046762,-7.812005302355415
2,tau_v0,media,357.txt,-0.8632287978078157,-9.595327619293368
2,tau_v0,media,140.txt,0.016139342751897434,-8.784074275438176
2,tau_v0,media,078.txt,-3.683926670162132,-10.26143324699038
2,tau_v0,media,182.txt,-2.857666122561141,-9.188816897285667
2,tau_v0,media,201.txt,-0.8502741659267896,-9.03590356718875
2,tau_v0,media,055.txt,1.0773823566221616,-4.262111599904422
2,tau_v0,media,469.txt,-3.927647742082276,-10.207760694779184
2,tau_v0,media,230.txt,-0.22138007352311395,-8.484208053576083
2,tau_v0,media,020.txt,0.00512370489267111,-9.45002020479828
2,tau_v0,media,407.txt,-4.025056401468563,-10.590903269848717
2,tau_v0,media,341.txt,-1.1702709498165649,-10.81451854237116
2,tau_v0,media,229.txt,0.6784674068033159,-9.03450558685703
2,tau_v0,media,485.txt,-2.3666087160837517,-10.836877486789492
2,tau_v0,media,105.txt,-1.8321745742066273,-9.940157120119109
2,tau_v0,media,499.txt,-4.000329290709814e-06,-11.781046119881456
2,tau_v0,media,492.txt,-1.9656358025862608,-9.510808320103052
2,tau_v0,media,409.txt,0.5225091936482475,-9.663020461890035
2,tau_v0,media,260.txt,-3.0880296427173057,-10.777006412467243
2,tau_v0,media,344.txt,-6.035259287684516,-7.377725350506137
2,tau_v0,media,572.txt,-2.922927820814638,-10.034710205802533
2,tau_v0,media,145.txt,-3.73065177555393,-11.594285643723277
2,tau_v0,media,394.txt,-1.1158384618396824,-11.966908488367517
2,tau_v0,media,205.txt,-3.2455947796435067,-9.029605544334569
2,tau_v0,media,094.txt,-0.08428071327081699,-8.863656359460856
2,tau_v0,media,072.txt,-1.2995185809027767,-7.821939520849531
2,tau_v0,media,533.txt,-2.4423795350124564,-9.27137589234788
2,tau_v0,media,551.txt,-2.431619054524016,-10.572845749147048
2,tau_v0,media,146.txt,0.006174410964296495,-9.595425372169574
2,tau_v0,media,256.txt,1.367905104192233,-9.425717257843768
2,tau_v0,media,523.txt,-6.951150141100631,-15.190413273611956
2,tau_v0,media,244.txt,0.7133500695543566,-9.208843735182342
2,tau_v0,media,176.txt,0.8456709514317811,-8.709711482005376
2,tau_v0,media,206.txt,1.2118253578385918e-06,-10.51382904029288
2,tau_v0,media,254.txt,-1.230178217070943e-06,-7.6120353620514765
2,tau_v0,media,220.txt,-2.7491466108159726,-9.634906985119303
2,tau_v0,media,380.txt,-0.7079185603695182,-8.54167795364663
2,tau_v0,media,607.txt,-4.38123475109893,-10.077522866916912
2,tau_v0,tanh_deep,001.txt,-10.614662023937214,-9.268227924200579
2,tau_v0,tanh_deep,537.txt,-10.866434754544295,-10.458447291017901
2,tau_v0,tanh_deep,248.txt,-11.763415895501247,-8.913991954109953
2,tau_v0,tanh_deep,104.txt,-10.047726897976785,-9.350836260814896
2,tau_v0,tanh_deep,071.txt,-8.44225466996968,-9.051668982916471
2,tau_v0,tanh_deep,343.txt,-11.464815436013291,-10.77371664234423
2,tau_v0,tanh_deep,481.txt,-5.004732694799293,-10.235498917708668
2,tau_v0,tanh_deep,352.txt,-8.528748479528842,-10.206347807329134
2,tau_v0,tanh_deep,509.txt,-7.652063100373339,-11.249227039636201
2,tau_v0,tanh_deep,135.txt,-12.305043197490793,-7.832902857933694
2,tau_v0,tanh_deep,075.txt,-9.775741704679001,-11.869918013545892
2,tau_v0,tanh_deep,073.txt,-10.994006849604949,-10.684917844551833
2,tau_v0,tanh_deep,232.txt,-10.38117439602908,-11.14640156456615
2,tau_v0,tanh_deep,470.txt,-8.324016618547827,-10.0861434845821
2,tau_v0,tanh_deep,196.txt,-10.645501859444556,-8.920285993065582
2,tau_v0,tanh_deep,531.txt,-6.556376923062099,-10.36080860629575
2,tau_v0,tanh_deep,331.txt,-5.202748479819443,-9.655687140654502
2,tau_v0,tanh_deep,321.txt,-7.567844226337297,-8.588179203565174
2,tau_v0,tanh_deep,414.txt,-10.634842132134386,-6.958462436643061
2,tau_v0,tanh_deep,107.txt,-10.569674538699434,-9.947856391215245
2,tau_v0,tanh_deep,358.txt,-6.3135622919509,-9.059267737813984
2,tau_v0,tanh_deep,508.txt,-11.990388872576215,-9.756726928763815
2,tau_v0,tanh_deep,327.txt,-6.120985938703192,-8.85570461952918
2,tau_v0,tanh_deep,605.txt,-12.071817676508811,-9.407994141928727
2,tau_v0,tanh_deep,536.txt,-9.017507605835489,-10.871806683294402
2,tau_v0,tanh_deep,543.txt,-11.120037888149565,-9.938361882710106
2,tau_v0,tanh_deep,560.txt,-12.299156881165425,-9.46589457656189
2,tau_v0,tanh_deep,211.txt,-10.31690669574117,-9.276144964248253
2,tau_v0,tanh_deep,253.txt,-9.855553050539477,-9.799954429069157
2,tau_v0,tanh_deep,081.txt,-10.802157034344603,-6.99539436540688
2,tau_v0,tanh_deep,318.txt,-6.6883271900390096,-9.317586277715007
2,tau_v0,tanh_deep,141.txt,-9.68842703978742,-10.945333156463132
2,tau_v0,tanh_deep,125.txt,-4.815998668245017,-9.514738003578035
2,tau_v0,tanh_deep,218.txt,-11.324314773794589,-9.148987760879884
2,tau_v0,tanh_deep,011.txt,-9.10682523115727,-7.5286186917185365
2,tau_v0,tanh_deep,532.txt,-10.664737494015284,-8.912879212746063
2,tau_v0,tanh_deep,288.txt,-9.817628399285127,-9.005461353696827
2,tau_v0,tanh_deep,608.txt,-9.583517861963903,-9.873882454940537
2,tau_v0,tanh_deep,396.txt,-5.837623275322727,-10.427546663136475
2,tau_v0,tanh_deep,372.txt,-9.345038963501795,-11.625969140902633
2,tau_v0,tanh_deep,567.txt,-12.1603585074739,-10.483109531398455
2,tau_v0,tanh_deep,155.txt,-10.171363088882783,-7.701536551926105
2,tau_v0,tanh_deep,238.txt,-7.80685590204888,-8.55454869386655
2,tau_v0,tanh_deep,588.txt,-10.063198301116644,-9.580810160055453
2,tau_v0,tanh_deep,024.txt,-4.444884341716339,-2.570660198951635
2,tau_v0,tanh_deep,472.txt,-8.555140177831781,-11.35574522648822
2,tau_v0,tanh_deep,273.txt,-4.700292531389631,-8.686536036446972
2,tau_v0,tanh_deep,366.txt,-10.721755647601318,-8.59255510068509
2,tau_v0,tanh_deep,137.txt,-9.46686454188052,-9.97784054182574
2,tau_v0,tanh_deep,295.txt,-9.495584763587175,-8.562016847564676
2,tau_v0,tanh_deep,004.txt,-10.739854668110965,-9.960295625317775
2,tau_v0,tanh_deep,457.txt,-10.981771138836141,-9.712162210730117
2,tau_v0,tanh_deep,282.txt,-11.23101372484715,-9.715250490605058
2,tau_v0,tanh_deep,365.txt,-8.979133404155865,-7.812005302355415
2,tau_v0,tanh_deep,357.txt,-9.75138437649863,-9.595327619293368
2,tau_v0,tanh_deep,140.txt,-8.633200228859474,-8.784074275438176
2,tau_v0,tanh_deep,078.txt,-7.447436470817872,-10.26143324699038
2,tau_v0,tanh_deep,182.txt,-8.207178613699872,-9.188816897285667
2,tau_v0,tanh_deep,201.txt,-8.539356477224754,-9.03590356718875
2,tau_v0,tanh_deep,055.txt,0.8180031710334683,-4.262111599904422
2,tau_v0,tanh_deep,469.txt,-8.481445313840048,-10.207760694779184
2,tau_v0,tanh_deep,230.txt,-10.852887006816257,-8.484208053576083
2,tau_v0,tanh_deep,020.txt,-8.89049600405377,-9.45002020479828
2,tau_v0,tanh_deep,407.txt,-10.020587163535385,-10.590903269848717
2,tau_v0,tanh_deep,341.txt,-10.448897993634757,-10.81451854237116
2,tau_v0,tanh_deep,229.txt,-4.232199701974531,-9.03450558685703
2,tau_v0,tanh_deep,485.txt,-11.726291324519215,-10.836877486789492
2,tau_v0,tanh_deep,105.txt,-11.760777485571507,-9.940157120119109
2,tau_v0,tanh_deep,499.txt,-9.735791248300231,-11.781046119881456
2,tau_v0,tanh_deep,492.txt,-7.60227949787965,-9.510808320103052
2,tau_v0,tanh_deep,409.txt,-6.26162137906239,-9.663020461890035
2,tau_v0,tanh_deep,260.txt,-9.335463545451388,-10.777006412467243
2,tau_v0,tanh_deep,344.txt,-9.594631990273061,-7.377725350506137
2,tau_v0,tanh_deep,572.txt,-9.254471451601548,-10.034710205802533
2,tau_v0,tanh_deep,145.txt,-11.52592096188615,-11.594285643723277
2,tau_v0,tanh_deep,394.txt,-10.976896191735092,-11.966908488367517
2,tau_v0,tanh_deep,205.txt,-8.923013472795432,-9.029605544334569
2,tau_v0,tanh_deep,094.txt,-12.255594038236996,-8.863656359460856
2,tau_v0,tanh_deep,072.txt,-10.999153520294911,-7.821939520849531
2,tau_v0,tanh_deep,533.txt,-7.4557984644374775,-9.27137589234788
2,tau_v0,tanh_deep,551.txt,-9.600136092582437,-10.572845749147048
2,tau_v0,tanh_deep,146.txt,-6.5586173917904205,-9.595425372169574
2,tau_v0,tanh_deep,256.txt,-4.193258037914278,-9.425717257843768
2,tau_v0,tanh_deep,523.txt,-8.240301768769102,-15.190413273611956
2,tau_v0,tanh_deep,244.txt,-3.9247838718265364,-9.208843735182342
2,tau_v0,tanh_deep,176.txt,-4.133692289043116,-8.709711482005376
2,tau_v0,tanh_deep,206.txt,-10.055146754354576,-10.51382904029288
2,tau_v0,tanh_deep,254.txt,-10.575795513855972,-7.6120353620514765
2,tau_v0,tanh_deep,220.txt,-7.366921063223022,-9.634906985119303
2,tau_v0,tanh_deep,380.txt,-4.944089524172558,-8.54167795364663
2,tau_v0,tanh_deep,607.txt,-9.6750687074371,-10.077522866916912
3,v1,simple,608.txt,-0.4424822441365329,-9.873882454940537
3,v1,simple,396.txt,0.3932687269561077,-10.427546663136475
3,v1,simple,121.txt,-0.5192780313806511,-9.273461295933645
3,v1,simple,413.txt,-0.7255132432716791,-12.361023995384455
3,v1,simple,063.txt,2.767300407702831,-3.42024428311065
3,v1,simple,380.txt,0.27042582042451313,-8.54167795364663
3,v1,simple,600.txt,-0.5192780313806511,-9.658414338220634
3,v1,simple,262.txt,-0.6756509853745024,-9.616055257264982
3,v1,simple,101.txt,-0.4668615188665407,-7.908504576101053
3,v1,simple,299.txt,-0.4424822441365329,-10.570297376797344
3,v1,simple,199.txt,-0.5759072693421455,-10.888751125609387
3,v1,simple,365.txt,-0.4193591642649631,-7.812005302355415
3,v1,simple,498.txt,-0.7512228654632033,-10.137870404903724
3,v1,simple,208.txt,-0.6052680988376642,-8.21056979416217
3,v1,simple,423.txt,-0.5759072693421455,-8.137598874570354
3,v1,simple,439.txt,-0.7588055170990929,-13.157031818157433
3,v1,simple,312.txt,0.18517746859398687,-8.281293291682397
3,v1,simple,583.txt,0.1546309699916979,-8.512646808347746
3,v1,simple,291.txt,-0.4193591642649631,-7.811059329950348
3,v1,simple,389.txt,0.1546309699916979,-9.698915592044562
3,v1,simple,473.txt,-0.5471488254314663,-10.367363070789674
3,v1,simple,279.txt,-0.24322023071848697,-8.510522347176977
3,v1,simple,340.txt,-0.0638010052679443,-8.87876999121261
3,v1,simple,066.txt,-0.39748271997713525,-8.381086137455156
3,v1,simple,218.txt,-0.7383157923673372,-9.148987760879884
3,v1,simple,538.txt,0.1546309699916979,-9.881217804768163
3,v1,simple,477.txt,-0.4668615188665407,-9.683177520474013
3,v1,simple,537.txt,-0.49247875246435724,-10.458447291017901
3,v1,simple,535.txt,-0.7532079926095488,-11.277861457125718
3,v1,simple,422.txt,0.1546309699916979,-8.744215256583724
3,v1,simple,106.txt,-0.4668615188665407,-9.991969202277966
3,v1,simple,416.txt,0.3932687269561077,-8.848031910800747
3,v1,simple,410.txt,-0.4668615188665407,-10.936598050575125
3,v1,simple,589.txt,0.3932687269561077,-9.105891121100335
3,v1,simple,448.txt,-0.24322023071848697,-9.743771655568649
3,v1,simple,158.txt,0.1546309699916979,-9.304332378821394
3,v1,simple,493.txt,-0.7588055170990929,-9.685437643105438
3,v1,simple,363.txt,-0.3768269560364993,-9.879099352722605
3,v1,simple,230.txt,-0.49247875246435724,-8.484208053576083
3,v1,simple,173.txt,-0.7383157923673372,-8.677508470077505
3,v1,simple,364.txt,0.1546309699916979,-9.014035104094399
3,v1,simple,372.txt,-0.7512228654632033,-11.625969140902633
3,v1,simple,572.txt,-0.39748271997713525,-10.034710205802533
3,v1,simple,166.txt,-0.49247875246435724,-11.284362813759019
3,v1,simple,290.txt,-0.6348091124820459,-4.019642426536793
3,v1,simple,421.txt,-0.6052680988376642,-10.388344085600833
3,v1,simple,028.txt,2.427892966527241,-2.5431147268047027
3,v1,simple,370.txt,-0.4193591642649631,-10.657806253476508
3,v1,simple,469.txt,-0.7383157923673372,-10.207760694779184
3,v1,simple,088.txt,-0.4424822441365329,-9.497035546210382
3,v1,simple,379.txt,-0.24322023071848697,-9.754769818535012
3,v1,simple,412.txt,-0.6917448697689121,-8.079888413559864
3,v1,simple,059.txt,-0.0638010052679443,-2.2876442409951183
3,v1,simple,243.txt,-0.24322023071848697,-9.314036271234082
3,v1,simple,324.txt,-0.6917448697689121,-7.907656094014973
3,v1,simple,451.txt,0.1546309699916979,-9.834551346942519
3,v1,simple,522.txt,0.3932687269561077,-9.93551775760649
3,v1,simple,322.txt,-0.3768269560364993,-7.699132811459094
3,v1,simple,554.txt,-0.6052680988376642,-10.23899347289614
3,v1,simple,007.txt,-0.5759072693421455,-7.030778792351802
3,v1,simple,534.txt,-0.7588055170990929,-11.248719463995723
3,v1,simple,186.txt,-0.7170889266888455,-8.687689585593365
3,v1,simple,284.txt,-0.5759072693421455,-7.44636354359892
3,v1,simple,343.txt,-0.5192780313806511,-10.77371664234423
3,v1,simple,515.txt,-0.6052680988376642,-9.432059232288914
3,v1,simple,109.txt,-0.0638010052679443,-10.563305241143754
3,v1,simple,510.txt,-0.5471488254314663,-10.102059598916036
3,v1,simple,443.txt,-0.4668615188665407,-9.251466477864465
3,v1,simple,214.txt,-0.6348091124820459,-9.345131582392032
3,v1,simple,357.txt,-0.4424822441365329,-9.595327619293368
3,v1,simple,155.txt,-0.6639202170411638,-7.701536551926105
3,v1,simple,046.txt,1.3381549288125227,-4.707262716101255
3,v1,simple,242.txt,0.3932687269561077,-9.01248502800098
3,v1,simple,126.txt,-0.6348091124820459,-7.569410754516581
3,v1,simple,385.txt,-0.6348091124820459,-8.052815092919511
3,v1,simple,546.txt,-0.4668615188665407,-9.07301071630643
3,v1,simple,480.txt,-0.24322023071848697,-9.3817641595622
3,v1,simple,253.txt,-0.6348091124820459,-9.799954429069157
3,v1,simple,430.txt,-0.7588055170990929,-11.12561887047738
3,v1,simple,415.txt,-0.39748271997713525,-10.197400672988245
3,v1,simple,487.txt,-0.5471488254314663,-10.204750158651267
3,v1,simple,152.txt,0.1546309699916979,-9.359127698357797
3,v1,simple,594.txt,-0.4668615188665407,-8.885764161452265
3,v1,simple,539.txt,-0.6052680988376642,-12.487732171917084
3,v1,simple,358.txt,-0.39748271997713525,-9.059267737813984
3,v1,simple,383.txt,-0.6348091124820459,-10.152557077114912
3,v1,simple,125.txt,0.1546309699916979,-9.514738003578035
3,v1,simple,241.txt,-0.4424822441365329,-8.45310587221402
3,v1,simple,029.txt,1.7341256791989523,-4.633520012356178
3,v1,simple,570.txt,0.1546309699916979,-8.64042553618328
3,v1,simple,329.txt,-0.6348091124820459,-6.344987684537324
3,v1,media,608.txt,-2.811405953862415,-9.873882454940537
3,v1,media,396.txt,-0.631665260114631,-10.427546663136475
3,v1,media,121.txt,-3.4206082007650314,-9.273461295933645
3,v1,media,413.txt,-8.536518870361618,-12.361023995384455
3,v1,media,063.txt,3.144120571568264,-3.42024428311065
3,v1,media,380.txt,-0.8590206458715138,-8.54167795364663
3,v1,media,600.txt,-3.4206082007650314,-9.658414338220634
3,v1,media,262.txt,-9.42356887844005,-9.616055257264982
3,v1,media,101.txt,-2.9980480611339635,-7.908504576101053
3,v1,media,299.txt,-2.811405953862415,-10.570297376797344
3,v1,media,199.txt,-3.920525683760962,-10.888751125609387
3,v1,media,365.txt,-2.6392165752549666,-7.812005302355415
3,v1,media,498.txt,-7.79411063808144,-10.137870404903724
3,v1,media,208.txt,-4.204699965973257,-8.21056979416217
3,v1,media,423.txt,-3.920525683760962,-8.137598874570354
3,v1,media,439.txt,-7.153990122998624,-13.157031818157433
3,v1,media,312.txt,-0.8342446323095775,-8.281293291682397
3,v1,media,583.txt,-1.0335901756657264,-8.512646808347746
3,v1,media,291.txt,-2.6392165752549666,-7.811059329950348
3,v1,media,389.txt,-1.0335901756657264,-9.698915592044562
3,v1,media,473.txt,-3.659919954733556,-10.367363070789674
3,v1,media,279.txt,-1.7969107980901173,-8.510522347176977
3,v1,media,340.txt,-1.4284475937068304,-8.87876999121261
3,v1,media,066.txt,-2.480186105061443,-8.381086137455156
3,v1,media,218.txt,-6.088371826847214,-9.148987760879884
3,v1,media,538.txt,-1.0335901756657264,-9.881217804768163
3,v1,media,477.txt,-2.9980480611339635,-9.683177520474013
3,v1,media,537.txt,-3.2005812301144334,-10.458447291017901
3,v1,media,535.txt,-6.590743765358244,-11.277861457125718
3,v1,media,422.txt,-1.0335901756657264,-8.744215256583724
3,v1,media,106.txt,-2.9980480611339635,-9.991969202277966
3,v1,media,416.txt,-0.631665260114631,-8.848031910800747
3,v1,media,410.txt,-2.9980480611339635,-10.936598050575125
3,v1,media,589.txt,-0.631665260114631,-9.105891121100335
3,v1,media,448.txt,-1.7969107980901173,-9.743771655568649
3,v1,media,158.txt,-1.0335901756657264,-9.304332378821394
3,v1,media,493.txt,-7.153990122998624,-9.685437643105438
3,v1,media,363.txt,-2.333149063041084,-9.879099352722605
3,v1,media,230.txt,-3.2005812301144334,-8.484208053576083
3,v1,media,173.txt,-6.088371826847214,-8.677508470077505
3,v1,media,364.txt,-1.0335901756657264,-9.014035104094399
3,v1,media,372.txt,-7.79411063808144,-11.625969140902633
3,v1,media,572.txt,-2.480186105061443,-10.034710205802533
3,v1,media,166.txt,-3.2005812301144334,-11.284362813759019
3,v1,media,290.txt,-4.515036723928272,-4.019642426536793
3,v1,media,421.txt,-4.204699965973257,-10.388344085600833
3,v1,media,028.txt,2.4632062803267307,-2.5431147268047027
3,v1,media,370.txt,-2.6392165752549666,-10.657806253476508
3,v1,media,469.txt,-6.088371826847214,-10.207760694779184
3,v1,media,088.txt,-2.811405953862415,-9.497035546210382
3,v1,media,379.txt,-1.7969107980901173,-9.754769818535012
3,v1,media,412.txt,-5.22682229936456,-8.079888413559864
3,v1,media,059.txt,-1.4284475937068304,-2.2876442409951183
3,v1,media,243.txt,-1.7969107980901173,-9.314036271234082
3,v1,media,324.txt,-5.22682229936456,-7.907656094014973
3,v1,media,451.txt,-1.0335901756657264,-9.834551346942519
3,v1,media,522.txt,-0.631665260114631,-9.93551775760649
3,v1,media,322.txt,-2.333149063041084,-7.699132811459094
3,v1,media,554.txt,-4.204699965973257,-10.23899347289614
3,v1,media,007.txt,-3.920525683760962,-7.030778792351802
3,v1,media,534.txt,-7.153990122998624,-11.248719463995723
3,v1,media,186.txt,-5.63623221495849,-8.687689585593365
3,v1,media,284.txt,-3.920525683760962,-7.44636354359892
3,v1,media,343.txt,-3.4206082007650314,-10.77371664234423
3,v1,media,515.txt,-4.204699965973257,-9.432059232288914
3,v1,media,109.txt,-1.4284475937068304,-10.563305241143754
3,v1,media,510.txt,-3.659919954733556,-10.102059598916036
3,v1,media,443.txt,-2.9980480611339635,-9.251466477864465
3,v1,media,214.txt,-4.515036723928272,-9.345131582392032
3,v1,media,357.txt,-2.811405953862415,-9.595327619293368
3,v1,media,155.txt,-4.8545505774898245,-7.701536551926105
3,v1,media,046.txt,0.8392903725639764,-4.707262716101255
3,v1,media,242.txt,-0.631665260114631,-9.01248502800098
3,v1,media,126.txt,-4.515036723928272,-7.569410754516581
3,v1,media,385.txt,-4.515036723928272,-8.052815092919511
3,v1,media,546.txt,-2.9980480611339635,-9.07301071630643
3,v1,media,480.txt,-1.7969107980901173,-9.3817641595622
3,v1,media,253.txt,-4.515036723928272,-9.799954429069157
3,v1,media,430.txt,-7.153990122998624,-11.12561887047738
3,v1,media,415.txt,-2.480186105061443,-10.197400672988245
3,v1,media,487.txt,-3.659919954733556,-10.204750158651267
3,v1,media,152.txt,-1.0335901756657264,-9.359127698357797
3,v1,media,594.txt,-2.9980480611339635,-8.885764161452265
3,v1,media,539.txt,-4.204699965973257,-12.487732171917084
3,v1,media,358.txt,-2.480186105061443,-9.059267737813984
3,v1,media,383.txt,-4.515036723928272,-10.152557077114912
3,v1,media,125.txt,-1.0335901756657264,-9.514738003578035
3,v1,media,241.txt,-2.811405953862415,-8.45310587221402
3,v1,media,029.txt,1.4305979717524338,-4.633520012356178
3,v1,media,570.txt,-1.0335901756657264,-8.64042553618328
3,v1,media,329.txt,-4.515036723928272,-6.344987684537324
3,v1,tanh_deep,608.txt,-2.2991743250864953,-9.873882454940537
3,v1,tanh_deep,396.txt,-0.5584641531080164,-10.427546663136475
3,v1,tanh_deep,121.txt,-2.3816068745348167,-9.273461295933645
3,v1,tanh_deep,413.txt,-9.834128376548405,-12.361023995384455
3,v1,tanh_deep,063.txt,3.7344996986661374,-3.42024428311065
3,v1,tanh_deep,380.txt,-0.7504794282620726,-8.54167795364663
3,v1,tanh_deep,600.txt,-2.3816068745348167,-9.658414338220634
3,v1,tanh_deep,262.txt,-10.367935841237996,-9.616055257264982
3,v1,tanh_deep,101.txt,-2.301692139011268,-7.908504576101053
3,v1,tanh_deep,299.txt,-2.2991743250864953,-10.570297376797344
3,v1,tanh_deep,199.txt,-2.7372664456325997,-10.888751125609387
3,v1,tanh_deep,365.txt,-2.270993749929005,-7.812005302355415
3,v1,tanh_deep,498.txt,-9.125807948358936,-10.137870404903724
3,v1,tanh_deep,208.txt,-3.056591702493515,-8.21056979416217
3,v1,tanh_deep,423.txt,-2.7372664456325997,-8.137598874570354
3,v1,tanh_deep,439.txt,-8.284982589566514,-13.157031818157433
3,v1,tanh_deep,312.txt,-0.7446440351853193,-8.281293291682397
3,v1,tanh_deep,583.txt,-0.9074771753937693,-8.512646808347746
3,v1,tanh_deep,291.txt,-2.270993749929005,-7.811059329950348
3,v1,tanh_deep,389.txt,-0.9074771753937693,-9.698915592044562
3,v1,tanh_deep,473.txt,-2.516925825730401,-10.367363070789674
3,v1,tanh_deep,279.txt,-1.5530882852299432,-8.510522347176977
3,v1,tanh_deep,340.txt,-1.2432229675194022,-8.87876999121261
3,v1,tanh_deep,066.txt,-2.188120528803787,-8.381086137455156
3,v1,tanh_deep,218.txt,-6.4398747639586364,-9.148987760879884
3,v1,tanh_deep,538.txt,-0.9074771753937693,-9.881217804768163
3,v1,tanh_deep,477.txt,-2.301692139011268,-9.683177520474013
3,v1,tanh_deep,537.txt,-2.317431854156824,-10.458447291017901
3,v1,tanh_deep,535.txt,-7.3694709051902505,-11.277861457125718
3,v1,tanh_deep,422.txt,-0.9074771753937693,-8.744215256583724
3,v1,tanh_deep,106.txt,-2.301692139011268,-9.991969202277966
3,v1,tanh_deep,416.txt,-0.5584641531080164,-8.848031910800747
3,v1,tanh_deep,410.txt,-2.301692139011268,-10.936598050575125
3,v1,tanh_deep,589.txt,-0.5584641531080164,-9.105891121100335
3,v1,tanh_deep,448.txt,-1.5530882852299432,-9.743771655568649
3,v1,tanh_deep,158.txt,-0.9074771753937693,-9.304332378821394
3,v1,tanh_deep,493.txt,-8.284982589566514,-9.685437643105438
3,v1,tanh_deep,363.txt,-2.0380459057630524,-9.879099352722605
3,v1,tanh_deep,230.txt,-2.317431854156824,-8.484208053576083
3,v1,tanh_deep,173.txt,-6.4398747639586364,-8.677508470077505
3,v1,tanh_deep,364.txt,-0.9074771753937693,-9.014035104094399
3,v1,tanh_deep,372.txt,-9.125807948358936,-11.625969140902633
3,v1,tanh_deep,572.txt,-2.188120528803787,-10.034710205802533
3,v1,tanh_deep,166.txt,-2.317431854156824,-11.284362813759019
3,v1,tanh_deep,290.txt,-3.4912784683110174,-4.019642426536793
3,v1,tanh_deep,421.txt,-3.056591702493515,-10.388344085600833
3,v1,tanh_deep,028.txt,2.514018446860128,-2.5431147268047027
3,v1,tanh_deep,370.txt,-2.270993749929005,-10.657806253476508
3,v1,tanh_deep,469.txt,-6.4398747639586364,-10.207760694779184
3,v1,tanh_deep,088.txt,-2.2991743250864953,-9.497035546210382
3,v1,tanh_deep,379.txt,-1.5530882852299432,-9.754769818535012
3,v1,tanh_deep,412.txt,-4.745272536783735,-8.079888413559864
3,v1,tanh_deep,059.txt,-1.2432229675194022,-2.2876442409951183
3,v1,tanh_deep,243.txt,-1.5530882852299432,-9.314036271234082
3,v1,tanh_deep,324.txt,-4.745272536783735,-7.907656094014973
3,v1,tanh_deep,451.txt,-0.9074771753937693,-9.834551346942519
3,v1,tanh_deep,522.txt,-0.5584641531080164,-9.93551775760649
3,v1,tanh_deep,322.txt,-2.0380459057630524,-7.699132811459094
3,v1,tanh_deep,554.txt,-3.056591702493515,-10.23899347289614
3,v1,tanh_deep,007.txt,-2.7372664456325997,-7.030778792351802
3,v1,tanh_deep,534.txt,-8.284982589566514,-11.248719463995723
3,v1,tanh_deep,186.txt,-5.550628539048512,-8.687689585593365
3,v1,tanh_deep,284.txt,-2.7372664456325997,-7.44636354359892
3,v1,tanh_deep,343.txt,-2.3816068745348167,-10.77371664234423
3,v1,tanh_deep,515.txt,-3.056591702493515,-9.432059232288914
3,v1,tanh_deep,109.txt,-1.2432229675194022,-10.563305241143754
3,v1,tanh_deep,510.txt,-2.516925825730401,-10.102059598916036
3,v1,tanh_deep,443.txt,-2.301692139011268,-9.251466477864465
3,v1,tanh_deep,214.txt,-3.4912784683110174,-9.345131582392032
3,v1,tanh_deep,357.txt,-2.2991743250864953,-9.595327619293368
3,v1,tanh_deep,155.txt,-4.053897507444829,-7.701536551926105
3,v1,tanh_deep,046.txt,0.7979700325504546,-4.707262716101255
3,v1,tanh_deep,242.txt,-0.5584641531080164,-9.01248502800098
3,v1,tanh_deep,126.txt,-3.4912784683110174,-7.569410754516581
3,v1,tanh_deep,385.txt,-3.4912784683110174,-8.052815092919511
3,v1,tanh_deep,546.txt,-2.301692139011268,-9.07301071630643
3,v1,tanh_deep,480.txt,-1.5530882852299432,-9.3817641595622
3,v1,tanh_deep,253.txt,-3.4912784683110174,-9.799954429069157
3,v1,tanh_deep,430.txt,-8.284982589566514,-11.12561887047738
3,v1,tanh_deep,415.txt,-2.188120528803787,-10.197400672988245
3,v1,tanh_deep,487.txt,-2.516925825730401,-10.204750158651267
3,v1,tanh_deep,152.txt,-0.9074771753937693,-9.359127698357797
3,v1,tanh_deep,594.txt,-2.301692139011268,-8.885764161452265
3,v1,tanh_deep,539.txt,-3.056591702493515,-12.487732171917084
3,v1,tanh_deep,358.txt,-2.188120528803787,-9.059267737813984
3,v1,tanh_deep,383.txt,-3.4912784683110174,-10.152557077114912
3,v1,tanh_deep,125.txt,-0.9074771753937693,-9.514738003578035
3,v1,tanh_deep,241.txt,-2.2991743250864953,-8.45310587221402
3,v1,tanh_deep,029.txt,1.3861958463708797,-4.633520012356178
3,v1,tanh_deep,570.txt,-0.9074771753937693,-8.64042553618328
3,v1,tanh_deep,329.txt,-3.4912784683110174,-6.344987684537324
3,tau,simple,608.txt,-8.164109326358471e-07,-9.873882454940537
3,tau,simple,396.txt,0.6315755482502206,-10.427546663136475
3,tau,simple,121.txt,-1.102544427089569e-06,-9.273461295933645
3,tau,simple,413.txt,-4.238951150981052e-06,-12.361023995384455
3,tau,simple,063.txt,4.579007007278609,-3.42024428311065
3,tau,simple,380.txt,0.5141056999521636,-8.54167795364663
3,tau,simple,600.txt,-1.102544427089569e-06,-9.658414338220634
3,tau,simple,262.txt,-3.2309738160485324e-06,-9.616055257264982
3,tau,simple,101.txt,-1.0591520387404074e-06,-7.908504576101053
3,tau,simple,299.txt,-8.164109326358471e-07,-10.570297376797344
3,tau,simple,199.txt,3.91007559663592e-09,-10.888751125609387
3,tau,simple,365.txt,-6.341820519839558e-07,-7.812005302355415
3,tau,simple,498.txt,-3.1636642880972232e-06,-10.137870404903724
3,tau,simple,208.txt,-6.634489322365766e-07,-8.21056979416217
3,tau,simple,423.txt,3.91007559663592e-09,-8.137598874570354
3,tau,simple,439.txt,-1.8482682211384827e-06,-13.157031818157433
3,tau,simple,312.txt,0.35474121052002294,-8.281293291682397
3,tau,simple,583.txt,0.3386403971686782,-8.512646808347746
3,tau,simple,291.txt,-6.341820519839558e-07,-7.811059329950348
3,tau,simple,389.txt,0.3386403971686782,-9.698915592044562
3,tau,simple,473.txt,-6.61706217153224e-07,-10.367363070789674
3,tau,simple,279.txt,-5.701326841744958e-07,-8.510522347176977
3,tau,simple,340.txt,0.11443043688104604,-8.87876999121261
3,tau,simple,066.txt,-1.1370341301830678e-06,-8.381086137455156
3,tau,simple,218.txt,-5.870265558094445e-07,-9.148987760879884
3,tau,simple,538.txt,0.3386403971686782,-9.881217804768163
3,tau,simple,477.txt,-1.0591520387404074e-06,-9.683177520474013
3,tau,simple,537.txt,-1.3821832194338413e-06,-10.458447291017901
3,tau,simple,535.txt,-1.0544410378177105e-06,-11.277861457125718
3,tau,simple,422.txt,0.3386403971686782,-8.744215256583724
3,tau,simple,106.txt,-1.0591520387404074e-06,-9.991969202277966
3,tau,simple,416.txt,0.6315755482502206,-8.848031910800747
3,tau,simple,410.txt,-1.0591520387404074e-06,-10.936598050575125
3,tau,simple,589.txt,0.6315755482502206,-9.105891121100335
3,tau,simple,448.txt,-5.701326841744958e-07,-9.743771655568649
3,tau,simple,158.txt,0.3386403971686782,-9.304332378821394
3,tau,simple,493.txt,-1.8482682211384827e-06,-9.685437643105438
3,tau,simple,363.txt,-1.0082033816694036e-06,-9.879099352722605
3,tau,simple,230.txt,-1.3821832194338413e-06,-8.484208053576083
3,tau,simple,173.txt,-5.870265558094445e-07,-8.677508470077505
3,tau,simple,364.txt,0.3386403971686782,-9.014035104094399
3,tau,simple,372.txt,-3.1636642880972232e-06,-11.625969140902633
3,tau,simple,572.txt,-1.1370341301830678e-06,-10.034710205802533
3,tau,simple,166.txt,-1.3821832194338413e-06,-11.284362813759019
3,tau,simple,290.txt,-1.6833157554518863e-06,-4.019642426536793
3,tau,simple,421.txt,-6.634489322365766e-07,-10.388344085600833
3,tau,simple,028.txt,3.826122540785165,-2.5431147268047027
3,tau,simple,370.txt,-6.341820519839558e-07,-10.657806253476508
3,tau,simple,469.txt,-5.870265558094445e-07,-10.207760694779184
3,tau,simple,088.txt,-8.164109326358471e-07,-9.497035546210382
3,tau,simple,379.txt,-5.701326841744958e-07,-9.754769818535012
3,tau,simple,412.txt,-8.471972408052864e-07,-8.079888413559864
3,tau,simple,059.txt,0.11443043688104604,-2.2876442409951183
3,tau,simple,243.txt,-5.701326841744958e-07,-9.314036271234082
3,tau,simple,324.txt,-8.471972408052864e-07,-7.907656094014973
3,tau,simple,451.txt,0.3386403971686782,-9.834551346942519
3,tau,simple,522.txt,0.6315755482502206,-9.93551775760649
3,tau,simple,322.txt,-1.0082033816694036e-06,-7.699132811459094
3,tau,simple,554.txt,-6.634489322365766e-07,-10.23899347289614
3,tau,simple,007.txt,3.91007559663592e-09,-7.030778792351802
3,tau,simple,534.txt,-1.8482682211384827e-06,-11.248719463995723
3,tau,simple,186.txt,-7.477383194842702e-07,-8.687689585593365
3,tau,simple,284.txt,3.91007559663592e-09,-7.44636354359892
3,tau,simple,343.txt,-1.102544427089569e-06,-10.77371664234423
3,tau,simple,515.txt,-6.634489322365766e-07,-9.432059232288914
3,tau,simple,109.txt,0.11443043688104604,-10.563305241143754
3,tau,simple,510.txt,-6.61706217153224e-07,-10.102059598916036
3,tau,simple,443.txt,-1.0591520387404074e-06,-9.251466477864465
3,tau,simple,214.txt,-1.6833157554518863e-06,-9.345131582392032
3,tau,simple,357.txt,-8.164109326358471e-07,-9.595327619293368
3,tau,simple,155.txt,-1.5586667518885378e-06,-7.701536551926105
3,tau,simple,046.txt,2.0081030789350067,-4.707262716101255
3,tau,simple,242.txt,0.6315755482502206,-9.01248502800098
3,tau,simple,126.txt,-1.6833157554518863e-06,-7.569410754516581
3,tau,simple,385.txt,-1.6833157554518863e-06,-8.052815092919511
3,tau,simple,546.txt,-1.0591520387404074e-06,-9.07301071630643
3,tau,simple,480.txt,-5.701326841744958e-07,-9.3817641595622
3,tau,simple,253.txt,-1.6833157554518863e-06,-9.799954429069157
3,tau,simple,430.txt,-1.8482682211384827e-06,-11.12561887047738
3,tau,simple,415.txt,-1.1370341301830678e-06,-10.197400672988245
3,tau,simple,487.txt,-6.61706217153224e-07,-10.204750158651267
3,tau,simple,152.txt,0.3386403971686782,-9.359127698357797
3,tau,simple,594.txt,-1.0591520387404074e-06,-8.885764161452265
3,tau,simple,539.txt,-6.634489322365766e-07,-12.487732171917084
3,tau,simple,358.txt,-1.1370341301830678e-06,-9.059267737813984
3,tau,simple,383.txt,-1.6833157554518863e-06,-10.152557077114912
3,tau,simple,125.txt,0.3386403971686782,-9.514738003578035
3,tau,simple,241.txt,-8.164109326358471e-07,-8.45310587221402
3,tau,simple,029.txt,2.6442419961049883,-4.633520012356178
3,tau,simple,570.txt,0.3386403971686782,-8.64042553618328
3,tau,simple,329.txt,-1.6833157554518863e-06,-6.344987684537324
3,tau,media,608.txt,-3.290353919391819,-9.873882454940537
3,tau,media,396.txt,-0.6892246464985454,-10.427546663136475
3,tau,media,121.txt,-3.754048243970127,-9.273461295933645
3,tau,media,413.txt,-3.434704793179015,-12.361023995384455
3,tau,media,063.txt,3.1617424536391536,-3.42024428311065
3,tau,media,380.txt,-0.9514705739768226,-8.54167795364663
3,tau,media,600.txt,-3.754048243970127,-9.658414338220634
3,tau,media,262.txt,-2.7816312996860852,-9.616055257264982
3,tau,media,101.txt,-3.4424814231523753,-7.908504576101053
3,tau,media,299.txt,-3.290353919391819,-10.570297376797344
3,tau,media,199.txt,-4.061167837573034,-10.888751125609387
3,tau,media,365.txt,-3.142355941839156,-7.812005302355415
3,tau,media,498.txt,-3.913869696402065,-10.137870404903724
3,tau,media,208.txt,-4.204617730836797,-8.21056979416217
3,tau,media,423.txt,-4.061167837573034,-8.137598874570354
3,tau,media,439.txt,-4.239403857343681,-13.157031818157433
3,tau,media,312.txt,-1.038034131189879,-8.281293291682397
3,tau,media,583.txt,-1.1348262366424358,-8.512646808347746
3,tau,media,291.txt,-3.142355941839156,-7.811059329950348
3,tau,media,389.txt,-1.1348262366424358,-9.698915592044562
3,tau,media,473.txt,-3.909599384855618,-10.367363070789674
3,tau,media,279.txt,-2.0267942734267814,-8.510522347176977
3,tau,media,340.txt,-1.5860154386017955,-8.87876999121261
3,tau,media,066.txt,-2.9992682479501,-8.381086137455156
3,tau,media,218.txt,-4.536901575535056,-9.148987760879884
3,tau,media,538.txt,-1.1348262366424358,-9.881217804768163
3,tau,media,477.txt,-3.4424814231523753,-9.683177520474013
3,tau,media,537.txt,-3.597588607248416,-10.458447291017901
3,tau,media,535.txt,-4.438270909863093,-11.277861457125718
3,tau,media,422.txt,-1.1348262366424358,-8.744215256583724
3,tau,media,106.txt,-3.4424814231523753,-9.991969202277966
3,tau,media,416.txt,-0.6892246464985454,-8.848031910800747
3,tau,media,410.txt,-3.4424814231523753,-10.936598050575125
3,tau,media,589.txt,-0.6892246464985454,-9.105891121100335
3,tau,media,448.txt,-2.0267942734267814,-9.743771655568649
3,tau,media,158.txt,-1.1348262366424358,-9.304332378821394
3,tau,media,493.txt,-4.239403857343681,-9.685437643105438
3,tau,media,363.txt,-2.773771889830285,-9.879099352722605
3,tau,media,230.txt,-3.597588607248416,-8.484208053576083
3,tau,media,173.txt,-4.536901575535056,-8.677508470077505
3,tau,media,364.txt,-1.1348262366424358,-9.014035104094399
3,tau,media,372.txt,-3.913869696402065,-11.625969140902633
3,tau,media,572.txt,-2.9992682479501,-10.034710205802533
3,tau,media,166.txt,-3.597588607248416,-11.284362813759019
3,tau,media,290.txt,-4.33445520177328,-4.019642426536793
3,tau,media,421.txt,-4.204617730836797,-10.388344085600833
3,tau,media,028.txt,2.524444753609362,-2.5431147268047027
3,tau,media,370.txt,-3.142355941839156,-10.657806253476508
3,tau,media,469.txt,-4.536901575535056,-10.207760694779184
3,tau,media,088.txt,-3.290353919391819,-9.497035546210382
3,tau,media,379.txt,-2.0267942734267814,-9.754769818535012
3,tau,media,412.txt,-4.522165629869194,-8.079888413559864
3,tau,media,059.txt,-1.5860154386017955,-2.2876442409951183
3,tau,media,243.txt,-2.0267942734267814,-9.314036271234082
3,tau,media,324.txt,-4.522165629869194,-7.907656094014973
3,tau,media,451.txt,-1.1348262366424358,-9.834551346942519
3,tau,media,522.txt,-0.6892246464985454,-9.93551775760649
3,tau,media,322.txt,-2.773771889830285,-7.699132811459094
3,tau,media,554.txt,-4.204617730836797,-10.23899347289614
3,tau,media,007.txt,-4.061167837573034,-7.030778792351802
3,tau,media,534.txt,-4.239403857343681,-11.248719463995723
3,tau,media,186.txt,-4.558461580266196,-8.687689585593365
3,tau,media,284.txt,-4.061167837573034,-7.44636354359892
3,tau,media,343.txt,-3.754048243970127,-10.77371664234423
3,tau,media,515.txt,-4.204617730836797,-9.432059232288914
3,tau,media,109.txt,-1.5860154386017955,-10.563305241143754
3,tau,media,510.txt,-3.909599384855618,-10.102059598916036
3,tau,media,443.txt,-3.4424814231523753,-9.251466477864465
3,tau,media,214.txt,-4.33445520177328,-9.345131582392032
3,tau,media,357.txt,-3.290353919391819,-9.595327619293368
3,tau,media,155.txt,-4.443446578630862,-7.701536551926105
3,tau,media,046.txt,0.874777943260117,-4.707262716101255
3,tau,media,242.txt,-0.6892246464985454,-9.01248502800098
3,tau,media,126.txt,-4.33445520177328,-7.569410754516581
3,tau,media,385.txt,-4.33445520177328,-8.052815092919511
3,tau,media,546.txt,-3.4424814231523753,-9.07301071630643
3,tau,media,480.txt,-2.0267942734267814,-9.3817641595622
3,tau,media,253.txt,-4.33445520177328,-9.799954429069157
3,tau,media,430.txt,-4.239403857343681,-11.12561887047738
3,tau,media,415.txt,-2.9992682479501,-10.197400672988245
3,tau,media,487.txt,-3.909599384855618,-10.204750158651267
3,tau,media,152.txt,-1.1348262366424358,-9.359127698357797
3,tau,media,594.txt,-3.4424814231523753,-8.885764161452265
3,tau,media,539.txt,-4.204617730836797,-12.487732171917084
3,tau,media,358.txt,-2.9992682479501,-9.059267737813984
3,tau,media,383.txt,-4.33445520177328,-10.152557077114912
3,tau,media,125.txt,-1.1348262366424358,-9.514738003578035
3,tau,media,241.txt,-3.290353919391819,-8.45310587221402
3,tau,media,029.txt,1.4837009967022117,-4.633520012356178
3,tau,media,570.txt,-1.1348262366424358,-8.64042553618328
3,tau,media,329.txt,-4.33445520177328,-6.344987684537324
3,tau,tanh_deep,608.txt,-8.459042744422085,-9.873882454940537
3,tau,tanh_deep,396.txt,-4.135637355475419,-10.427546663136475
3,tau,tanh_deep,121.txt,-8.730206351849493,-9.273461295933645
3,tau,tanh_deep,413.txt,-10.490039784626036,-12.361023995384455
3,tau,tanh_deep,063.txt,6.781908859085868,-3.42024428311065
3,tau,tanh_deep,380.txt,-4.571597557943278,-8.54167795364663
3,tau,tanh_deep,600.txt,-8.730206351849493,-9.658414338220634
3,tau,tanh_deep,262.txt,-10.65960814585248,-9.616055257264982
3,tau,tanh_deep,101.txt,-8.518625738096764,-7.908504576101053
3,tau,tanh_deep,299.txt,-8.459042744422085,-10.570297376797344
3,tau,tanh_deep,199.txt,-9.031450357124887,-10.888751125609387
3,tau,tanh_deep,365.txt,-8.323273849456902,-7.812005302355415
3,tau,tanh_deep,498.txt,-10.254273945147746,-10.137870404903724
3,tau,tanh_deep,208.txt,-9.10554277820801,-8.21056979416217
3,tau,tanh_deep,423.txt,-9.031450357124887,-8.137598874570354
3,tau,tanh_deep,439.txt,-9.986080253568847,-13.157031818157433
3,tau,tanh_deep,312.txt,-4.711265153793805,-8.281293291682397
3,tau,tanh_deep,583.txt,-4.892560247219002,-8.512646808347746
3,tau,tanh_deep,291.txt,-8.323273849456902,-7.811059329950348
3,tau,tanh_deep,389.txt,-4.8925603609051365,-9.698915592044562
3,tau,tanh_deep,473.txt,-8.895718737721719,-10.367363070789674
3,tau,tanh_deep,279.txt,-6.372509383040762,-8.510522347176977
3,tau,tanh_deep,340.txt,-5.646446756661215,-8.87876999121261
3,tau,tanh_deep,066.txt,-8.044430980651434,-8.381086137455156
3,tau,tanh_deep,218.txt,-9.484875015310008,-9.148987760879884
3,tau,tanh_deep,538.txt,-4.892560247219002,-9.881217804768163
3,tau,tanh_deep,477.txt,-8.518625738096764,-9.683177520474013
3,tau,tanh_deep,537.txt,-8.594026586340782,-10.458447291017901
3,tau,tanh_deep,535.txt,-9.719440811998354,-11.277861457125718
3,tau,tanh_deep,422.txt,-4.892560247219002,-8.744215256583724
3,tau,tanh_deep,106.txt,-8.518625738096764,-9.991969202277966
3,tau,tanh_deep,416.txt,-4.135637355475419,-8.848031910800747
3,tau,tanh_deep,410.txt,-8.518625738096764,-10.936598050575125
3,tau,tanh_deep,589.txt,-4.135637355475419,-9.105891121100335
3,tau,tanh_deep,448.txt,-6.372509383040762,-9.743771655568649
3,tau,tanh_deep,158.txt,-4.892560247219002,-9.304332378821394
3,tau,tanh_deep,493.txt,-9.986080253568847,-9.685437643105438
3,tau,tanh_deep,363.txt,-7.6086778854384916,-9.879099352722605
3,tau,tanh_deep,230.txt,-8.594026586340782,-8.484208053576083
3,tau,tanh_deep,173.txt,-9.484875015310008,-8.677508470077505
3,tau,tanh_deep,364.txt,-4.892560247219002,-9.014035104094399
3,tau,tanh_deep,372.txt,-10.254273945147746,-11.625969140902633
3,tau,tanh_deep,572.txt,-8.044430980651434,-10.034710205802533
3,tau,tanh_deep,166.txt,-8.594026586340782,-11.284362813759019
3,tau,tanh_deep,290.txt,-9.12972719953349,-4.019642426536793
3,tau,tanh_deep,421.txt,-9.10554277820801,-10.388344085600833
3,tau,tanh_deep,028.txt,1.828544619105278,-2.5431147268047027
3,tau,tanh_deep,370.txt,-8.323273849456902,-10.657806253476508
3,tau,tanh_deep,469.txt,-9.484875015310008,-10.207760694779184
3,tau,tanh_deep,088.txt,-8.459042744422085,-9.497035546210382
3,tau,tanh_deep,379.txt,-6.372509383040762,-9.754769818535012
3,tau,tanh_deep,412.txt,-9.194329122135636,-8.079888413559864
3,tau,tanh_deep,059.txt,-5.646446708608553,-2.2876442409951183
3,tau,tanh_deep,243.txt,-6.372509383040762,-9.314036271234082
3,tau,tanh_deep,324.txt,-9.194329122135636,-7.907656094014973
3,tau,tanh_deep,451.txt,-4.892560247219002,-9.834551346942519
3,tau,tanh_deep,522.txt,-4.135637355475419,-9.93551775760649
3,tau,tanh_deep,322.txt,-7.6086778854384916,-7.699132811459094
3,tau,tanh_deep,554.txt,-9.10554277820801,-10.23899347289614
3,tau,tanh_deep,007.txt,-9.031450357124887,-7.030778792351802
3,tau,tanh_deep,534.txt,-9.986080253568847,-11.248719463995723
3,tau,tanh_deep,186.txt,-9.305854975348938,-8.687689585593365
3,tau,tanh_deep,284.txt,-9.031450357124887,-7.44636354359892
3,tau,tanh_deep,343.txt,-8.730206351849493,-10.77371664234423
3,tau,tanh_deep,515.txt,-9.10554277820801,-9.432059232288914
3,tau,tanh_deep,109.txt,-5.646446786552229,-10.563305241143754
3,tau,tanh_deep,510.txt,-8.895718737721719,-10.102059598916036
3,tau,tanh_deep,443.txt,-8.518625738096764,-9.251466477864465
3,tau,tanh_deep,214.txt,-9.12972719953349,-9.345131582392032
3,tau,tanh_deep,357.txt,-8.459042744422085,-9.595327619293368
3,tau,tanh_deep,155.txt,-9.144727430670004,-7.701536551926105
3,tau,tanh_deep,046.txt,-1.3688552328771775,-4.707262716101255
3,tau,tanh_deep,242.txt,-4.135637355475419,-9.01248502800098
3,tau,tanh_deep,126.txt,-9.12972719953349,-7.569410754516581
3,tau,tanh_deep,385.txt,-9.12972719953349,-8.052815092919511
3,tau,tanh_deep,546.txt,-8.518625738096764,-9.07301071630643
3,tau,tanh_deep,480.txt,-6.372509383040762,-9.3817641595622
3,tau,tanh_deep,253.txt,-9.12972719953349,-9.799954429069157
3,tau,tanh_deep,430.txt,-9.986080253568847,-11.12561887047738
3,tau,tanh_deep,415.txt,-8.044430980651434,-10.197400672988245
3,tau,tanh_deep,487.txt,-8.895718737721719,-10.204750158651267
3,tau,tanh_deep,152.txt,-4.892560247219002,-9.359127698357797
3,tau,tanh_deep,594.txt,-8.518625738096764,-8.885764161452265
3,tau,tanh_deep,539.txt,-9.10554277820801,-12.487732171917084
3,tau,tanh_deep,358.txt,-8.044430980651434,-9.059267737813984
3,tau,tanh_deep,383.txt,-9.12972719953349,-10.152557077114912
3,tau,tanh_deep,125.txt,-4.892560247219002,-9.514738003578035
3,tau,tanh_deep,241.txt,-8.459042744422085,-8.45310587221402
3,tau,tanh_deep,029.txt,-0.23505984693858162,-4.633520012356178
3,tau,tanh_deep,570.txt,-4.892560247219002,-8.64042553618328
3,tau,tanh_deep,329.txt,-9.12972719953349,-6.344987684537324
3,tau_v0,simple,608.txt,-4.876681201082533e-07,-9.873882454940537
3,tau_v0,simple,396.txt,0.23040593429406364,-10.427546663136475
3,tau_v0,simple,121.txt,1.131255346731308e-06,-9.273461295933645
3,tau_v0,simple,413.txt,9.107729750379434e-07,-12.361023995384455
3,tau_v0,simple,063.txt,4.177180841280901,-3.42024428311065
3,tau_v0,simple,380.txt,0.35434127286581285,-8.54167795364663
3,tau_v0,simple,600.txt,3.002752990033386e-06,-9.658414338220634
3,tau_v0,simple,262.txt,-7.172056222692902e-06,-9.616055257264982
3,tau_v0,simple,101.txt,-1.4958636087580857e-06,-7.908504576101053
3,tau_v0,simple,299.txt,1.834590840354977e-06,-10.570297376797344
3,tau_v0,simple,199.txt,3.7335711753350154e-06,-10.888751125609387
3,tau_v0,simple,365.txt,-5.072572100139894e-07,-7.812005302355415
3,tau_v0,simple,498.txt,-1.284151095681807e-06,-10.137870404903724
3,tau_v0,simple,208.txt,1.7282187636524782e-07,-8.21056979416217
3,tau_v0,simple,423.txt,-1.2787881007447766e-06,-8.137598874570354
3,tau_v0,simple,439.txt,-1.1942934277087147e-06,-13.157031818157433
3,tau_v0,simple,312.txt,0.9384541831148971,-8.281293291682397
3,tau_v0,simple,583.txt,0.06226745349427887,-8.512646808347746
3,tau_v0,simple,291.txt,-7.782489173102647e-07,-7.811059329950348
3,tau_v0,simple,389.txt,0.18570393364646964,-9.698915592044562
3,tau_v0,simple,473.txt,1.2770544777218618e-06,-10.367363070789674
3,tau_v0,simple,279.txt,-4.3930074378195627e-07,-8.510522347176977
3,tau_v0,simple,340.txt,1.5062730174264516e-07,-8.87876999121261
3,tau_v0,simple,066.txt,1.3779814600489715e-07,-8.381086137455156
3,tau_v0,simple,218.txt,3.072541301607501e-06,-9.148987760879884
3,tau_v0,simple,538.txt,0.16923376973206583,-9.881217804768163
3,tau_v0,simple,477.txt,2.2112676965058142e-06,-9.683177520474013
3,tau_v0,simple,537.txt,1.4093957168004323e-06,-10.458447291017901
3,tau_v0,simple,535.txt,-2.603255011557337e-06,-11.277861457125718
3,tau_v0,simple,422.txt,0.13851726394320796,-8.744215256583724
3,tau_v0,simple,106.txt,2.5012658699807844e-07,-9.991969202277966
3,tau_v0,simple,416.txt,0.2937844483009653,-8.848031910800747
3,tau_v0,simple,410.txt,-6.431937398243548e-07,-10.936598050575125
3,tau_v0,simple,589.txt,0.24070072252140529,-9.105891121100335
3,tau_v0,simple,448.txt,4.075264672387391e-07,-9.743771655568649
3,tau_v0,simple,158.txt,0.20158693994563404,-9.304332378821394
3,tau_v0,simple,493.txt,-3.2317168092710347e-06,-9.685437643105438
3,tau_v0,simple,363.txt,-7.890964970336256e-07,-9.879099352722605
3,tau_v0,simple,230.txt,-5.628164438942207e-07,-8.484208053576083
3,tau_v0,simple,173.txt,-4.16905016731306e-07,-8.677508470077505
3,tau_v0,simple,364.txt,0.08874111838008103,-9.014035104094399
3,tau_v0,simple,372.txt,-2.958621487136881e-06,-11.625969140902633
3,tau_v0,simple,572.txt,-4.927540835364397e-07,-10.034710205802533
3,tau_v0,simple,166.txt,-1.6259043889021996e-07,-11.284362813759019
3,tau_v0,simple,290.txt,-1.176163537897068e-06,-4.019642426536793
3,tau_v0,simple,421.txt,-1.448859064945296e-06,-10.388344085600833
3,tau_v0,simple,028.txt,4.981513001404139,-2.5431147268047027
3,tau_v0,simple,370.txt,8.026593170118446e-07,-10.657806253476508
3,tau_v0,simple,469.txt,-1.1013847389662601e-08,-10.207760694779184
3,tau_v0,simple,088.txt,-2.1446142839387505e-07,-9.497035546210382
3,tau_v0,simple,379.txt,-1.603240728620392e-06,-9.754769818535012
3,tau_v0,simple,412.txt,1.5823005252713074e-06,-8.079888413559864
3,tau_v0,simple,059.txt,-1.1948473805922788e-06,-2.2876442409951183
3,tau_v0,simple,243.txt,-7.857628396834571e-07,-9.314036271234082
3,tau_v0,simple,324.txt,1.6102087210256855e-06,-7.907656094014973
3,tau_v0,simple,451.txt,0.11116859277559854,-9.834551346942519
3,tau_v0,simple,522.txt,0.3232633497181068,-9.93551775760649
3,tau_v0,simple,322.txt,-1.9037630449858511e-07,-7.699132811459094
3,tau_v0,simple,554.txt,-7.848277767674716e-07,-10.23899347289614
3,tau_v0,simple,007.txt,-3.2772915132817104e-06,-7.030778792351802
3,tau_v0,simple,534.txt,-1.975466490389266e-06,-11.248719463995723
3,tau_v0,simple,186.txt,-4.558234059981459e-06,-8.687689585593365
3,tau_v0,simple,284.txt,3.1595930436445485e-06,-7.44636354359892
3,tau_v0,simple,343.txt,-7.795713392599879e-07,-10.77371664234423
3,tau_v0,simple,515.txt,-1.4082037844698192e-06,-9.432059232288914
3,tau_v0,simple,109.txt,-9.262065061577118e-07,-10.563305241143754
3,tau_v0,simple,510.txt,2.303182230489753e-06,-10.102059598916036
3,tau_v0,simple,443.txt,1.4851763150414143e-06,-9.251466477864465
3,tau_v0,simple,214.txt,-2.539458895167712e-06,-9.345131582392032
3,tau_v0,simple,357.txt,9.603285260340044e-07,-9.595327619293368
3,tau_v0,simple,155.txt,9.011098933697781e-08,-7.701536551926105
3,tau_v0,simple,046.txt,1.3797271084823755,-4.707262716101255
3,tau_v0,simple,242.txt,0.32122580773934883,-9.01248502800098
3,tau_v0,simple,126.txt,-1.5800026638146392e-06,-7.569410754516581
3,tau_v0,simple,385.txt,-8.932143358286737e-08,-8.052815092919511
3,tau_v0,simple,546.txt,-6.706246324927889e-07,-9.07301071630643
3,tau_v0,simple,480.txt,-4.5476243260011984e-07,-9.3817641595622
3,tau_v0,simple,253.txt,-1.652109382632716e-07,-9.799954429069157
3,tau_v0,simple,430.txt,-3.6302755508366147e-06,-11.12561887047738
3,tau_v0,simple,415.txt,-1.1062068345779608e-06,-10.197400672988245
3,tau_v0,simple,487.txt,-4.843035381618677e-07,-10.204750158651267
3,tau_v0,simple,152.txt,0.1566867875628577,-9.359127698357797
3,tau_v0,simple,594.txt,-1.7364623297044801e-06,-8.885764161452265
3,tau_v0,simple,539.txt,-1.9186481228228303e-06,-12.487732171917084
3,tau_v0,simple,358.txt,0.031976357047924786,-9.059267737813984
3,tau_v0,simple,383.txt,1.2278975098922729e-06,-10.152557077114912
3,tau_v0,simple,125.txt,0.2651231805595966,-9.514738003578035
3,tau_v0,simple,241.txt,7.752866082455512e-08,-8.45310587221402
3,tau_v0,simple,029.txt,3.1501263737382628,-4.633520012356178
3,tau_v0,simple,570.txt,0.060990772658366055,-8.64042553618328
3,tau_v0,simple,329.txt,-4.434718667845061e-07,-6.344987684537324
3,tau_v0,media,608.txt,-8.2337225450776,-9.873882454940537
3,tau_v0,media,396.txt,-5.101676155472909,-10.427546663136475
3,tau_v0,media,121.txt,-8.711221685338723,-9.273461295933645
3,tau_v0,media,413.txt,-8.625026763983417,-12.361023995384455
3,tau_v0,media,063.txt,5.802025611666165,-3.42024428311065
3,tau_v0,media,380.txt,-5.277712273950166,-8.54167795364663
3,tau_v0,media,600.txt,-8.516556708617328,-9.658414338220634
3,tau_v0,media,262.txt,-9.06315588583793,-9.616055257264982
3,tau_v0,media,101.txt,-8.395277300605047,-7.908504576101053
3,tau_v0,media,299.txt,-8.246366788007292,-10.570297376797344
3,tau_v0,media,199.txt,-8.822980263858955,-10.888751125609387
3,tau_v0,media,365.txt,-8.052833097992417,-7.812005302355415
3,tau_v0,media,498.txt,-9.08867538480484,-10.137870404903724
3,tau_v0,media,208.txt,-8.26577567413847,-8.21056979416217
3,tau_v0,media,423.txt,-8.736761805408626,-8.137598874570354
3,tau_v0,media,439.txt,-8.973797423759097,-13.157031818157433
3,tau_v0,media,312.txt,-4.552568988307122,-8.281293291682397
3,tau_v0,media,583.txt,-5.8968028512751305,-8.512646808347746
3,tau_v0,media,291.txt,-8.0910362184116,-7.811059329950348
3,tau_v0,media,389.txt,-5.706682853858705,-9.698915592044562
3,tau_v0,media,473.txt,-8.82073270817011,-10.367363070789674
3,tau_v0,media,279.txt,-7.041105756344721,-8.510522347176977
3,tau_v0,media,340.txt,-6.589685992676727,-8.87876999121261
3,tau_v0,media,066.txt,-7.805913996952144,-8.381086137455156
3,tau_v0,media,218.txt,-8.731843156983864,-9.148987760879884
3,tau_v0,media,538.txt,-5.727232260271314,-9.881217804768163
3,tau_v0,media,477.txt,-8.333317943152604,-9.683177520474013
3,tau_v0,media,537.txt,-8.445467621964417,-10.458447291017901
3,tau_v0,media,535.txt,-8.75208059200666,-11.277861457125718
3,tau_v0,media,422.txt,-5.765551242178747,-8.744215256583724
3,tau_v0,media,106.txt,-8.409177711158293,-9.991969202277966
3,tau_v0,media,416.txt,-5.024484703343864,-8.848031910800747
3,tau_v0,media,410.txt,-8.39367046813875,-10.936598050575125
3,tau_v0,media,589.txt,-5.08961206113891,-9.105891121100335
3,tau_v0,media,448.txt,-7.1613665139533005,-9.743771655568649
3,tau_v0,media,158.txt,-5.68686579005591,-9.304332378821394
3,tau_v0,media,493.txt,-8.704606120122302,-9.685437643105438
3,tau_v0,media,363.txt,-7.709757770063627,-9.879099352722605
3,tau_v0,media,230.txt,-8.57020220713456,-8.484208053576083
3,tau_v0,media,173.txt,-8.818961663779062,-8.677508470077505
3,tau_v0,media,364.txt,-5.857754080485601,-9.014035104094399
3,tau_v0,media,372.txt,-9.200552839443144,-11.625969140902633
3,tau_v0,media,572.txt,-7.917864847534557,-10.034710205802533
3,tau_v0,media,166.txt,-8.473389110384504,-11.284362813759019
3,tau_v0,media,290.txt,-8.339817098160962,-4.019642426536793
3,tau_v0,media,421.txt,-8.463228769993002,-10.388344085600833
3,tau_v0,media,028.txt,4.866040075070773,-2.5431147268047027
3,tau_v0,media,370.txt,-8.06121772503115,-10.657806253476508
3,tau_v0,media,469.txt,-8.446104577130136,-10.207760694779184
3,tau_v0,media,088.txt,-8.24317296325206,-9.497035546210382
3,tau_v0,media,379.txt,-7.134743151754547,-9.754769818535012
3,tau_v0,media,412.txt,-8.504710318697613,-8.079888413559864
3,tau_v0,media,059.txt,-6.583898086157641,-2.2876442409951183
3,tau_v0,media,243.txt,-7.145976405211433,-9.314036271234082
3,tau_v0,media,324.txt,-8.226342788070824,-7.907656094014973
3,tau_v0,media,451.txt,-5.820509133327031,-9.834551346942519
3,tau_v0,media,522.txt,-4.983877275296171,-9.93551775760649
3,tau_v0,media,322.txt,-7.752081206249316,-7.699132811459094
3,tau_v0,media,554.txt,-8.53025322704085,-10.23899347289614
3,tau_v0,media,007.txt,-8.544919969435606,-7.030778792351802
3,tau_v0,media,534.txt,-9.433671279325695,-11.248719463995723
3,tau_v0,media,186.txt,-8.487623441251152,-8.687689585593365
3,tau_v0,media,284.txt,-8.660855077636167,-7.44636354359892
3,tau_v0,media,343.txt,-8.599135487406608,-10.77371664234423
3,tau_v0,media,515.txt,-8.815517036339905,-9.432059232288914
3,tau_v0,media,109.txt,-6.605581082770069,-10.563305241143754
3,tau_v0,media,510.txt,-8.543588777557435,-10.102059598916036
3,tau_v0,media,443.txt,-8.405960688094664,-9.251466477864465
3,tau_v0,media,214.txt,-8.358005621403551,-9.345131582392032
3,tau_v0,media,357.txt,-8.242070019496847,-9.595327619293368
3,tau_v0,media,155.txt,-8.276772822678009,-7.701536551926105
3,tau_v0,media,046.txt,-1.696196001164849,-4.707262716101255
3,tau_v0,media,242.txt,-4.9871230067354375,-9.01248502800098
3,tau_v0,media,126.txt,-8.657298384698782,-7.569410754516581
3,tau_v0,media,385.txt,-8.492369249425451,-8.052815092919511
3,tau_v0,media,546.txt,-8.391829228100638,-9.07301071630643
3,tau_v0,media,480.txt,-7.147645568346518,-9.3817641595622
3,tau_v0,media,253.txt,-8.279559785005578,-9.799954429069157
3,tau_v0,media,430.txt,-8.92917104495968,-11.12561887047738
3,tau_v0,media,415.txt,-7.917582685009034,-10.197400672988245
3,tau_v0,media,487.txt,-8.508002156700044,-10.204750158651267
3,tau_v0,media,152.txt,-5.742883969329,-9.359127698357797
3,tau_v0,media,594.txt,-8.332958013996059,-8.885764161452265
3,tau_v0,media,539.txt,-8.605462901126607,-12.487732171917084
3,tau_v0,media,358.txt,-6.80530806716467,-9.059267737813984
3,tau_v0,media,383.txt,-9.110440154841037,-10.152557077114912
3,tau_v0,media,125.txt,-5.5970049105534105,-9.514738003578035
3,tau_v0,media,241.txt,-8.223792278053939,-8.45310587221402
3,tau_v0,media,029.txt,1.1395559354015057,-4.633520012356178
3,tau_v0,media,570.txt,-5.89862606989693,-8.64042553618328
3,tau_v0,media,329.txt,-8.638002321530589,-6.344987684537324
3,tau_v0,tanh_deep,608.txt,-9.300078081302367,-9.873882454940537
3,tau_v0,tanh_deep,396.txt,-6.687993634483053,-10.427546663136475
3,tau_v0,tanh_deep,121.txt,-9.227309637695983,-9.273461295933645
3,tau_v0,tanh_deep,413.txt,-10.675820028953543,-12.361023995384455
3,tau_v0,tanh_deep,063.txt,5.599525340116829,-3.42024428311065
3,tau_v0,tanh_deep,380.txt,-7.71105143978268,-8.54167795364663
3,tau_v0,tanh_deep,600.txt,-6.71201066180602,-9.658414338220634
3,tau_v0,tanh_deep,262.txt,-10.309579537088574,-9.616055257264982
3,tau_v0,tanh_deep,101.txt,-9.55733885185515,-7.908504576101053
3,tau_v0,tanh_deep,299.txt,-9.80427080315282,-10.570297376797344
3,tau_v0,tanh_deep,199.txt,-9.211561484618525,-10.888751125609387
3,tau_v0,tanh_deep,365.txt,-9.315431183717692,-7.812005302355415
3,tau_v0,tanh_deep,498.txt,-10.198509880617209,-10.137870404903724
3,tau_v0,tanh_deep,208.txt,-5.990751305451342,-8.21056979416217
3,tau_v0,tanh_deep,423.txt,-9.262809593982542,-8.137598874570354
3,tau_v0,tanh_deep,439.txt,-10.223292826142753,-13.157031818157433
3,tau_v0,tanh_deep,312.txt,-2.8541145733645354,-8.281293291682397
3,tau_v0,tanh_deep,583.txt,-7.275558687961674,-8.512646808347746
3,tau_v0,tanh_deep,291.txt,-10.07894947221366,-7.811059329950348
3,tau_v0,tanh_deep,389.txt,-8.28331096398198,-9.698915592044562
3,tau_v0,tanh_deep,473.txt,-9.218391816953194,-10.367363070789674
3,tau_v0,tanh_deep,279.txt,-9.079871197106396,-8.510522347176977
3,tau_v0,tanh_deep,340.txt,-6.322737622406792,-8.87876999121261
3,tau_v0,tanh_deep,066.txt,-9.021086076122893,-8.381086137455156
3,tau_v0,tanh_deep,218.txt,-8.706724858500532,-9.148987760879884
3,tau_v0,tanh_deep,538.txt,-8.388344321647311,-9.881217804768163
3,tau_v0,tanh_deep,477.txt,-8.633002051661757,-9.683177520474013
3,tau_v0,tanh_deep,537.txt,-8.21723359418965,-10.458447291017901
3,tau_v0,tanh_deep,535.txt,-10.167173167827636,-11.277861457125718
3,tau_v0,tanh_deep,422.txt,-8.583615840218338,-8.744215256583724
3,tau_v0,tanh_deep,106.txt,-9.368742817489236,-9.991969202277966
3,tau_v0,tanh_deep,416.txt,-8.247663849142388,-8.848031910800747
3,tau_v0,tanh_deep,410.txt,-9.608703877246157,-10.936598050575125
3,tau_v0,tanh_deep,589.txt,-4.848947635756404,-9.105891121100335
3,tau_v0,tanh_deep,448.txt,-5.298943414942511,-9.743771655568649
3,tau_v0,tanh_deep,158.txt,-8.181071861773924,-9.304332378821394
3,tau_v0,tanh_deep,493.txt,-9.576521065872642,-9.685437643105438
3,tau_v0,tanh_deep,363.txt,-9.639198871888896,-9.879099352722605
3,tau_v0,tanh_deep,230.txt,-9.374676132598552,-8.484208053576083
3,tau_v0,tanh_deep,173.txt,-9.020171086418994,-8.677508470077505
3,tau_v0,tanh_deep,364.txt,-8.189756931882412,-9.014035104094399
3,tau_v0,tanh_deep,372.txt,-9.724275294018476,-11.625969140902633
3,tau_v0,tanh_deep,572.txt,-10.019787268183329,-10.034710205802533
3,tau_v0,tanh_deep,166.txt,-8.284941251312146,-11.284362813759019
3,tau_v0,tanh_deep,290.txt,-8.991171922796152,-4.019642426536793
3,tau_v0,tanh_deep,421.txt,-6.886801628313051,-10.388344085600833
3,tau_v0,tanh_deep,028.txt,2.543612796156433,-2.5431147268047027
3,tau_v0,tanh_deep,370.txt,-9.303466454984129,-10.657806253476508
3,tau_v0,tanh_deep,469.txt,-8.921105001603953,-10.207760694779184
3,tau_v0,tanh_deep,088.txt,-9.351626902293956,-9.497035546210382
3,tau_v0,tanh_deep,379.txt,-9.733175494083861,-9.754769818535012
3,tau_v0,tanh_deep,412.txt,-8.932302570355185,-8.079888413559864
3,tau_v0,tanh_deep,059.txt,-5.30667659039042,-2.2876442409951183
3,tau_v0,tanh_deep,243.txt,-9.717967984525938,-9.314036271234082
3,tau_v0,tanh_deep,324.txt,-8.28506648338393,-7.907656094014973
3,tau_v0,tanh_deep,451.txt,-8.863016736164198,-9.834551346942519
3,tau_v0,tanh_deep,522.txt,-8.117866365425625,-9.93551775760649
3,tau_v0,tanh_deep,322.txt,-7.271097692310413,-7.699132811459094
3,tau_v0,tanh_deep,554.txt,-9.951485830762717,-10.23899347289614
3,tau_v0,tanh_deep,007.txt,-9.762306911737069,-7.030778792351802
3,tau_v0,tanh_deep,534.txt,-8.938258253686584,-11.248719463995723
3,tau_v0,tanh_deep,186.txt,-8.864395859677108,-8.687689585593365
3,tau_v0,tanh_deep,284.txt,-9.624535793640272,-7.44636354359892
3,tau_v0,tanh_deep,343.txt,-9.63704934613489,-10.77371664234423
3,tau_v0,tanh_deep,515.txt,-9.146312131832762,-9.432059232288914
3,tau_v0,tanh_deep,109.txt,-8.460793395135871,-10.563305241143754
3,tau_v0,tanh_deep,510.txt,-7.757722548767906,-10.102059598916036
3,tau_v0,tanh_deep,443.txt,-9.374940117494372,-9.251466477864465
3,tau_v0,tanh_deep,214.txt,-8.704754723907445,-9.345131582392032
3,tau_v0,tanh_deep,357.txt,-9.330500682694293,-9.595327619293368
3,tau_v0,tanh_deep,155.txt,-7.945406166880263,-7.701536551926105
3,tau_v0,tanh_deep,046.txt,-1.567050032860199,-4.707262716101255
3,tau_v0,tanh_deep,242.txt,-8.134961353781792,-9.01248502800098
3,tau_v0,tanh_deep,126.txt,-9.161024501477932,-7.569410754516581
3,tau_v0,tanh_deep,385.txt,-9.880229234358207,-8.052815092919511
3,tau_v0,tanh_deep,546.txt,-9.675258927054777,-9.07301071630643
3,tau_v0,tanh_deep,480.txt,-9.660509535486351,-9.3817641595622
3,tau_v0,tanh_deep,253.txt,-8.306898892325878,-9.799954429069157
3,tau_v0,tanh_deep,430.txt,-10.401958293812395,-11.12561887047738
3,tau_v0,tanh_deep,415.txt,-10.013867471143637,-10.197400672988245
3,tau_v0,tanh_deep,487.txt,-9.160822288995575,-10.204750158651267
3,tau_v0,tanh_deep,152.txt,-8.468045829335669,-9.359127698357797
3,tau_v0,tanh_deep,594.txt,-7.5201322077555615,-8.885764161452265
3,tau_v0,tanh_deep,539.txt,-9.730965890319808,-12.487732171917084
3,tau_v0,tanh_deep,358.txt,-7.961210385811234,-9.059267737813984
3,tau_v0,tanh_deep,383.txt,-7.846625484467557,-10.152557077114912
3,tau_v0,tanh_deep,125.txt,-7.754140046226273,-9.514738003578035
3,tau_v0,tanh_deep,241.txt,-9.153324112837158,-8.45310587221402
3,tau_v0,tanh_deep,029.txt,3.3515663752963576,-4.633520012356178
3,tau_v0,tanh_deep,570.txt,-7.586214478880467,-8.64042553618328
3,tau_v0,tanh_deep,329.txt,-9.219391443801083,-6.344987684537324
4,v1,simple,137.txt,4.78989683472264e-07,-9.97784054182574
4,v1,simple,341.txt,8.215890789919911e-07,-10.81451854237116
4,v1,simple,434.txt,9.917729240083162e-07,-9.250121720934025
4,v1,simple,304.txt,3.832252146840354e-06,-11.629802511616399
4,v1,simple,035.txt,1.4030009324046413,-5.1375519723321
4,v1,simple,004.txt,8.215890789919911e-07,-9.960295625317775
4,v1,simple,261.txt,1.7558095111169791e-07,-10.46402099631843
4,v1,simple,016.txt,3.832252146840354e-06,-6.217176607923676
4,v1,simple,263.txt,8.215890789919911e-07,-7.329693002221021
4,v1,simple,374.txt,0.07161505302358795,-9.64960366335987
4,v1,simple,086.txt,7.805731836452168e-07,-8.259488411687569
4,v1,simple,413.txt,2.6202109369988236e-06,-12.361023995384455
4,v1,simple,094.txt,6.525049702776897e-07,-8.863656359460856
4,v1,simple,585.txt,1.7558095111169791e-07,-8.751643275241506
4,v1,simple,423.txt,7.703976183659478e-07,-8.137598874570354
4,v1,simple,589.txt,0.6650288584762947,-9.105891121100335
4,v1,simple,296.txt,1.929108532028323e-06,-7.565565104318064
4,v1,simple,147.txt,4.242355775563311e-07,-10.274984052067325
4,v1,simple,174.txt,2.896545339137191e-07,-9.191088299417771
4,v1,simple,134.txt,2.251941917386091e-07,-9.712199947282965
4,v1,simple,432.txt,3.832252146840354e-06,-11.639650293509302
4,v1,simple,441.txt,7.703976183659478e-07,-7.5149901421881555
4,v1,simple,172.txt,0.2256211218728048,-9.334424719138775
4,v1,simple,111.txt,0.4308983001731215,-9.979546338363013
4,v1,simple,070.txt,9.917729240083162e-07,-8.713238098960275
4,v1,simple,075.txt,4.240753375350792e-06,-11.869918013545892
4,v1,simple,349.txt,7.703976183659478e-07,-9.502892799790226
4,v1,simple,456.txt,1.0594136201635962e-06,-8.140768785992465
4,v1,simple,396.txt,0.6650288584762947,-10.427546663136475
4,v1,simple,518.txt,9.917729240083162e-07,-10.689046373557115
4,v1,simple,458.txt,1.929108532028323e-06,-12.469620543502254
4,v1,simple,065.txt,7.703976183659478e-07,-8.743204039848143
4,v1,simple,318.txt,6.896123412314381e-07,-9.317586277715007
4,v1,simple,106.txt,8.215890789919911e-07,-9.991969202277966
4,v1,simple,370.txt,4.78989683472264e-07,-10.657806253476508
4,v1,simple,390.txt,9.917729240083162e-07,-10.517236346761228
4,v1,simple,182.txt,5.411687253875641e-07,-9.188816897285667
4,v1,simple,398.txt,0.9120166919898478,-9.350716236369763
4,v1,simple,401.txt,0.07161505302358795,-10.071188619894738
4,v1,simple,400.txt,8.215890789919911e-07,-10.63001332291955
4,v1,simple,329.txt,1.7558095111169791e-07,-6.344987684537324
4,v1,simple,018.txt,3.984030251369397e-06,-12.031726037512211
4,v1,simple,267.txt,0.2256211218728048,-10.535057168340355
4,v1,simple,447.txt,0.4308983001731215,-9.497773780442726
4,v1,simple,497.txt,0.4308983001731215,-9.677039658860226
4,v1,simple,072.txt,8.229740839915678e-07,-7.821939520849531
4,v1,simple,600.txt,9.917729240083162e-07,-9.658414338220634
4,v1,simple,091.txt,6.525049702776897e-07,-7.270057234315735
4,v1,simple,085.txt,4.78989683472264e-07,-8.2406584561881
4,v1,simple,527.txt,4.78989683472264e-07,-11.544138095276665
4,v1,simple,472.txt,2.251941917386091e-07,-11.35574522648822
4,v1,simple,221.txt,8.229740839915678e-07,-10.996410196687975
4,v1,simple,475.txt,6.525049702776897e-07,-8.716735727213267
4,v1,simple,028.txt,2.784677102962972,-2.5431147268047027
4,v1,simple,469.txt,1.929108532028323e-06,-10.207760694779184
4,v1,simple,242.txt,0.6650288584762947,-9.01248502800098
4,v1,simple,093.txt,1.0594136201635962e-06,-6.46464472477956
4,v1,simple,386.txt,6.896123412314381e-07,-8.77367445853077
4,v1,simple,586.txt,6.525049702776897e-07,-11.772298068130956
4,v1,simple,510.txt,1.0064949382826427e-06,-10.102059598916036
4,v1,simple,105.txt,1.0064949382826427e-06,-9.940157120119109
4,v1,simple,017.txt,1.929108532028323e-06,-9.36810887579023
4,v1,simple,275.txt,4.78989683472264e-07,-9.862885413274169
4,v1,simple,290.txt,1.7558095111169791e-07,-4.019642426536793
4,v1,simple,114.txt,3.6117903156052122e-06,-10.082750448549906
4,v1,simple,457.txt,8.229740839915678e-07,-9.712162210730117
4,v1,simple,006.txt,3.832252146840354e-06,-8.460072777985669
4,v1,simple,573.txt,2.896545339137191e-07,-10.3569787508507
4,v1,simple,196.txt,6.525049702776897e-07,-8.920285993065582
4,v1,simple,550.txt,8.215890789919911e-07,-9.350652502912423
4,v1,simple,348.txt,1.7558095111169791e-07,-11.436260397401968
4,v1,simple,320.txt,2.967613584536899e-06,-12.164079465475847
4,v1,simple,108.txt,8.215890789919911e-07,-8.56788393419059
4,v1,simple,489.txt,5.411687253875641e-07,-9.635752749248054
4,v1,simple,446.txt,2.896545339137191e-07,-9.421910072777887
4,v1,simple,343.txt,9.917729240083162e-07,-10.77371664234423
4,v1,simple,323.txt,0.2256211218728048,-7.5630744101219145
4,v1,simple,321.txt,5.411687253875641e-07,-8.588179203565174
4,v1,simple,336.txt,8.215890789919911e-07,-10.550917021770989
4,v1,simple,227.txt,0.4308983001731215,-9.829859183119321
4,v1,simple,551.txt,4.78989683472264e-07,-10.572845749147048
4,v1,simple,408.txt,2.251941917386091e-07,-10.926833686470301
4,v1,simple,078.txt,4.240753375350792e-06,-10.26143324699038
4,v1,simple,373.txt,6.525049702776897e-07,-8.986311451706593
4,v1,simple,389.txt,0.4308983001731215,-9.698915592044562
4,v1,simple,435.txt,8.215890789919911e-07,-10.998651772976693
4,v1,simple,330.txt,1.0594136201635962e-06,-12.367231243027627
4,v1,simple,047.txt,1.4030009324046413,-4.712565156530056
4,v1,simple,524.txt,0.9120166919898478,-9.756560025512067
4,v1,simple,175.txt,0.4308983001731215,-9.183511815528377
4,v1,simple,272.txt,2.896545339137191e-07,-10.353054034003424
4,v1,media,137.txt,-2.6640369908334445,-9.97784054182574
4,v1,media,341.txt,-3.08620452459185,-10.81451854237116
4,v1,media,434.txt,-3.599421695337613,-9.250121720934025
4,v1,media,304.txt,-7.893963704020714,-11.629802511616399
4,v1,media,035.txt,0.3091874760755242,-5.1375519723321
4,v1,media,004.txt,-3.08620452459185,-9.960295625317775
4,v1,media,261.txt,-5.004640550833846,-10.46402099631843
4,v1,media,016.txt,-7.893963704020714,-6.217176607923676
4,v1,media,263.txt,-3.08620452459185,-7.329693002221021
4,v1,media,374.txt,-1.8847951524494362,-9.64960366335987
4,v1,media,086.txt,-5.460800792773695,-8.259488411687569
4,v1,media,413.txt,-10.590920978386858,-12.361023995384455
4,v1,media,094.txt,-4.595622874663134,-8.863656359460856
4,v1,media,585.txt,-5.004640550833846,-8.751643275241506
4,v1,media,423.txt,-4.2282180128667335,-8.137598874570354
4,v1,media,589.txt,-0.7994178775248054,-9.105891121100335
4,v1,media,296.txt,-7.178747557269554,-7.565565104318064
4,v1,media,147.txt,-2.481037629843769,-10.274984052067325
4,v1,media,174.txt,-2.3141146107675947,-9.191088299417771
4,v1,media,134.txt,-5.970372998202267,-9.712199947282965
4,v1,media,432.txt,-7.893963704020714,-11.639650293509302
4,v1,media,441.txt,-4.2282180128667335,-7.5149901421881555
4,v1,media,172.txt,-1.551388930872664,-9.334424719138775
4,v1,media,111.txt,-1.18251588338092,-9.979546338363013
4,v1,media,070.txt,-3.599421695337613,-8.713238098960275
4,v1,media,075.txt,-9.59136033220293,-11.869918013545892
4,v1,media,349.txt,-4.2282180128667335,-9.502892799790226
4,v1,media,456.txt,-6.540406795863907,-8.140768785992465
4,v1,media,396.txt,-0.7994178775248054,-10.427546663136475
4,v1,media,518.txt,-3.599421695337613,-10.689046373557115
4,v1,media,458.txt,-7.178747557269554,-12.469620543502254
4,v1,media,065.txt,-4.2282180128667335,-8.743204039848143
4,v1,media,318.txt,-2.865030366233296,-9.317586277715007
4,v1,media,106.txt,-3.08620452459185,-9.991969202277966
4,v1,media,370.txt,-2.6640369908334445,-10.657806253476508
4,v1,media,390.txt,-3.599421695337613,-10.517236346761228
4,v1,media,182.txt,-2.1527420246961633,-9.188816897285667
4,v1,media,398.txt,-0.4169200765684693,-9.350716236369763
4,v1,media,401.txt,-1.8847951524494362,-10.071188619894738
4,v1,media,400.txt,-3.08620452459185,-10.63001332291955
4,v1,media,329.txt,-5.004640550833846,-6.344987684537324
4,v1,media,018.txt,-12.917407046874626,-12.031726037512211
4,v1,media,267.txt,-1.551388930872664,-10.535057168340355
4,v1,media,447.txt,-1.18251588338092,-9.497773780442726
4,v1,media,497.txt,-1.18251588338092,-9.677039658860226
4,v1,media,072.txt,-3.3300518001556343,-7.821939520849531
4,v1,media,600.txt,-3.599421695337613,-9.658414338220634
4,v1,media,091.txt,-4.595622874663134,-7.270057234315735
4,v1,media,085.txt,-2.6640369908334445,-8.2406584561881
4,v1,media,527.txt,-2.6640369908334445,-11.544138095276665
4,v1,media,472.txt,-5.970372998202267,-11.35574522648822
4,v1,media,221.txt,-3.3300518001556343,-10.996410196687975
4,v1,media,475.txt,-4.595622874663134,-8.716735727213267
4,v1,media,028.txt,2.2870958754727138,-2.5431147268047027
4,v1,media,469.txt,-7.178747557269554,-10.207760694779184
4,v1,media,242.txt,-0.7994178775248054,-9.01248502800098
4,v1,media,093.txt,-6.540406795863907,-6.46464472477956
4,v1,media,386.txt,-2.865030366233296,-8.77367445853077
4,v1,media,586.txt,-4.595622874663134,-11.772298068130956
4,v1,media,510.txt,-3.89756957892653,-10.102059598916036
4,v1,media,105.txt,-3.89756957892653,-9.940157120119109
4,v1,media,017.txt,-7.178747557269554,-9.36810887579023
4,v1,media,275.txt,-2.6640369908334445,-9.862885413274169
4,v1,media,290.txt,-5.004640550833846,-4.019642426536793
4,v1,media,114.txt,-11.699530034748102,-10.082750448549906
4,v1,media,457.txt,-3.3300518001556343,-9.712162210730117
4,v1,media,006.txt,-7.893963704020714,-8.460072777985669
4,v1,media,573.txt,-2.3141146107675947,-10.3569787508507
4,v1,media,196.txt,-4.595622874663134,-8.920285993065582
4,v1,media,550.txt,-3.08620452459185,-9.350652502912423
4,v1,media,348.txt,-5.004640550833846,-11.436260397401968
4,v1,media,320.txt,-8.695128501947089,-12.164079465475847
4,v1,media,108.txt,-3.08620452459185,-8.56788393419059
4,v1,media,489.txt,-2.1527420246961633,-9.635752749248054
4,v1,media,446.txt,-2.3141146107675947,-9.421910072777887
4,v1,media,343.txt,-3.599421695337613,-10.77371664234423
4,v1,media,323.txt,-1.551388930872664,-7.5630744101219145
4,v1,media,321.txt,-2.1527420246961633,-8.588179203565174
4,v1,media,336.txt,-3.08620452459185,-10.550917021770989
4,v1,media,227.txt,-1.18251588338092,-9.829859183119321
4,v1,media,551.txt,-2.6640369908334445,-10.572845749147048
4,v1,media,408.txt,-5.970372998202267,-10.926833686470301
4,v1,media,078.txt,-9.59136033220293,-10.26143324699038
4,v1,media,373.txt,-4.595622874663134,-8.986311451706593
4,v1,media,389.txt,-1.18251588338092,-9.698915592044562
4,v1,media,435.txt,-3.08620452459185,-10.998651772976693
4,v1,media,330.txt,-6.540406795863907,-12.367231243027627
4,v1,media,047.txt,0.3091874760755242,-4.712565156530056
4,v1,media,524.txt,-0.4169200765684693,-9.756560025512067
4,v1,media,175.txt,-1.18251588338092,-9.183511815528377
4,v1,media,272.txt,-2.3141146107675947,-10.353054034003424
4,v1,tanh_deep,137.txt,-2.870873399823153,-9.97784054182574
4,v1,tanh_deep,341.txt,-3.667877421439961,-10.81451854237116
4,v1,tanh_deep,434.txt,-4.43749386227068,-9.250121720934025
4,v1,tanh_deep,304.txt,-6.766321227956798,-11.629802511616399
4,v1,tanh_deep,035.txt,0.6155681623436686,-5.1375519723321
4,v1,tanh_deep,004.txt,-3.667877421439961,-9.960295625317775
4,v1,tanh_deep,261.txt,-5.764058446537944,-10.46402099631843
4,v1,tanh_deep,016.txt,-6.766321227956798,-6.217176607923676
4,v1,tanh_deep,263.txt,-3.667877421439961,-7.329693002221021
4,v1,tanh_deep,374.txt,-1.3160006951828733,-9.64960366335987
4,v1,tanh_deep,086.txt,-6.030439629463912,-8.259488411687569
4,v1,tanh_deep,413.txt,-6.95631462457176,-12.361023995384455
4,v1,tanh_deep,094.txt,-5.46846069196739,-8.863656359460856
4,v1,tanh_deep,585.txt,-5.764058446537944,-8.751643275241506
4,v1,tanh_deep,423.txt,-5.1465239794206905,-8.137598874570354
4,v1,tanh_deep,589.txt,-0.2733333121906445,-9.105891121100335
4,v1,tanh_deep,296.txt,-6.634052050101597,-7.565565104318064
4,v1,tanh_deep,147.txt,-2.4721112594097203,-10.274984052067325
4,v1,tanh_deep,174.txt,-2.0780021395914394,-9.191088299417771
4,v1,tanh_deep,134.txt,-6.265284112766985,-9.712199947282965
4,v1,tanh_deep,432.txt,-6.766321227956798,-11.639650293509302
4,v1,tanh_deep,441.txt,-5.1465239794206905,-7.5149901421881555
4,v1,tanh_deep,172.txt,-0.9531794310055637,-9.334424719138775
4,v1,tanh_deep,111.txt,-0.6051343820686291,-9.979546338363013
4,v1,tanh_deep,070.txt,-4.43749386227068,-8.713238098960275
4,v1,tanh_deep,075.txt,-6.926686882760077,-11.869918013545892
4,v1,tanh_deep,349.txt,-5.1465239794206905,-9.502892799790226
4,v1,tanh_deep,456.txt,-6.466862275022547,-8.140768785992465
4,v1,tanh_deep,396.txt,-0.2733333121906445,-10.427546663136475
4,v1,tanh_deep,518.txt,-4.43749386227068,-10.689046373557115
4,v1,tanh_deep,458.txt,-6.634052050101597,-12.469620543502254
4,v1,tanh_deep,065.txt,-5.1465239794206905,-8.743204039848143
4,v1,tanh_deep,318.txt,-3.270747071815138,-9.317586277715007
4,v1,tanh_deep,106.txt,-3.667877421439961,-9.991969202277966
4,v1,tanh_deep,370.txt,-2.870873399823153,-10.657806253476508
4,v1,tanh_deep,390.txt,-4.43749386227068,-10.517236346761228
4,v1,tanh_deep,182.txt,-1.6917140346916133,-9.188816897285667
4,v1,tanh_deep,398.txt,0.041147138525714055,-9.350716236369763
4,v1,tanh_deep,401.txt,-1.3160006951828733,-10.071188619894738
4,v1,tanh_deep,400.txt,-3.667877421439961,-10.63001332291955
4,v1,tanh_deep,329.txt,-5.764058446537944,-6.344987684537324
4,v1,tanh_deep,018.txt,-6.921419879672205,-12.031726037512211
4,v1,tanh_deep,267.txt,-0.9531794310055637,-10.535057168340355
4,v1,tanh_deep,447.txt,-0.6051343713688153,-9.497773780442726
4,v1,tanh_deep,497.txt,-0.6051343767186793,-9.677039658860226
4,v1,tanh_deep,072.txt,-4.058187902115408,-7.821939520849531
4,v1,tanh_deep,600.txt,-4.43749386227068,-9.658414338220634
4,v1,tanh_deep,091.txt,-5.46846069196739,-7.270057234315735
4,v1,tanh_deep,085.txt,-2.870873399823153,-8.2406584561881
4,v1,tanh_deep,527.txt,-2.870873399823153,-11.544138095276665
4,v1,tanh_deep,472.txt,-6.265284112766985,-11.35574522648822
4,v1,tanh_deep,221.txt,-4.058187902115408,-10.996410196687975
4,v1,tanh_deep,475.txt,-5.46846069196739,-8.716735727213267
4,v1,tanh_deep,028.txt,2.1983972510526426,-2.5431147268047027
4,v1,tanh_deep,469.txt,-6.634052050101597,-10.207760694779184
4,v1,tanh_deep,242.txt,-0.2733333121906445,-9.01248502800098
4,v1,tanh_deep,093.txt,-6.466862275022547,-6.46464472477956
4,v1,tanh_deep,386.txt,-3.270747071815138,-8.77367445853077
4,v1,tanh_deep,586.txt,-5.46846069196739,-11.772298068130956
4,v1,tanh_deep,510.txt,-4.8016166792928185,-10.102059598916036
4,v1,tanh_deep,105.txt,-4.8016166792928185,-9.940157120119109
4,v1,tanh_deep,017.txt,-6.634052050101597,-9.36810887579023
4,v1,tanh_deep,275.txt,-2.870873399823153,-9.862885413274169
4,v1,tanh_deep,290.txt,-5.764058446537944,-4.019642426536793
4,v1,tanh_deep,114.txt,-6.9539703906920325,-10.082750448549906
4,v1,tanh_deep,457.txt,-4.058187902115408,-9.712162210730117
4,v1,tanh_deep,006.txt,-6.766321227956798,-8.460072777985669
4,v1,tanh_deep,573.txt,-2.0780021552442145,-10.3569787508507
4,v1,tanh_deep,196.txt,-5.46846069196739,-8.920285993065582
4,v1,tanh_deep,550.txt,-3.6678777175610864,-9.350652502912423
4,v1,tanh_deep,348.txt,-5.764058446537944,-11.436260397401968
4,v1,tanh_deep,320.txt,-6.863689833304897,-12.164079465475847
4,v1,tanh_deep,108.txt,-3.667877421439961,-8.56788393419059
4,v1,tanh_deep,489.txt,-1.6917140346916133,-9.635752749248054
4,v1,tanh_deep,446.txt,-2.0780021395914394,-9.421910072777887
4,v1,tanh_deep,343.txt,-4.43749386227068,-10.77371664234423
4,v1,tanh_deep,323.txt,-0.9531794310055637,-7.5630744101219145
4,v1,tanh_deep,321.txt,-1.6917140346916133,-8.588179203565174
4,v1,tanh_deep,336.txt,-3.667877421439961,-10.550917021770989
4,v1,tanh_deep,227.txt,-0.6051343767186793,-9.829859183119321
4,v1,tanh_deep,551.txt,-2.870873399823153,-10.572845749147048
4,v1,tanh_deep,408.txt,-6.265284112766985,-10.926833686470301
4,v1,tanh_deep,078.txt,-6.926686882760077,-10.26143324699038
4,v1,tanh_deep,373.txt,-5.46846069196739,-8.986311451706593
4,v1,tanh_deep,389.txt,-0.6051343767186793,-9.698915592044562
4,v1,tanh_deep,435.txt,-3.667877421439961,-10.998651772976693
4,v1,tanh_deep,330.txt,-6.466862275022547,-12.367231243027627
4,v1,tanh_deep,047.txt,0.6155681623436686,-4.712565156530056
4,v1,tanh_deep,524.txt,0.041147138525714055,-9.756560025512067
4,v1,tanh_deep,175.txt,-0.6051344542928032,-9.183511815528377
4,v1,tanh_deep,272.txt,-2.0780021395914394,-10.353054034003424
4,tau,simple,137.txt,-2.1408462666153403,-9.97784054182574
4,tau,simple,341.txt,-2.4983477198692636,-10.81451854237116
4,tau,simple,434.txt,-2.9387047130776858,-9.250121720934025
4,tau,simple,304.txt,-6.876713427969146,-11.629802511616399
4,tau,simple,035.txt,-1.0902256317540873,-5.1375519723321
4,tau,simple,004.txt,-2.4983477198692636,-9.960295625317775
4,tau,simple,261.txt,-4.176491963976778,-10.46402099631843
4,tau,simple,016.txt,-6.876713427969146,-6.217176607923676
4,tau,simple,263.txt,-2.4983477198692636,-7.329693002221021
4,tau,simple,374.txt,-1.6055082403648697,-9.64960366335987
4,tau,simple,086.txt,-4.588522947484237,-8.259488411687569
4,tau,simple,413.txt,-9.62004725280237,-12.361023995384455
4,tau,simple,094.txt,-3.811340057564852,-8.863656359460856
4,tau,simple,585.txt,-4.176491963976778,-8.751643275241506
4,tau,simple,423.txt,-3.4867599020023246,-8.137598874570354
4,tau,simple,589.txt,-1.315017658719869,-9.105891121100335
4,tau,simple,296.txt,-6.187562593228028,-7.565565104318064
4,tau,simple,147.txt,-1.9872254174363824,-10.274984052067325
4,tau,simple,174.txt,-1.8478205355323485,-9.191088299417771
4,tau,simple,134.txt,-5.054891701091367,-9.712199947282965
4,tau,simple,432.txt,-6.876713427969146,-11.639650293509302
4,tau,simple,441.txt,-3.4867599020023246,-7.5149901421881555
4,tau,simple,172.txt,-1.5000086154146532,-9.334424719138775
4,tau,simple,111.txt,-1.4034875168695338,-9.979546338363013
4,tau,simple,070.txt,-2.9387047130776858,-8.713238098960275
4,tau,simple,075.txt,-8.57425158450755,-11.869918013545892
4,tau,simple,349.txt,-3.4867599020023246,-9.502892799790226
4,tau,simple,456.txt,-5.584418805565232,-8.140768785992465
4,tau,simple,396.txt,-1.315017658719869,-10.427546663136475
4,tau,simple,518.txt,-2.9387047130776858,-10.689046373557115
4,tau,simple,458.txt,-6.187562593228028,-12.469620543502254
4,tau,simple,065.txt,-3.4867599020023246,-8.743204039848143
4,tau,simple,318.txt,-2.310515240832154,-9.317586277715007
4,tau,simple,106.txt,-2.4983477198692636,-9.991969202277966
4,tau,simple,370.txt,-2.1408462666153403,-10.657806253476508
4,tau,simple,390.txt,-2.9387047130776858,-10.517236346761228
4,tau,simple,182.txt,-1.721042298822051,-9.188816897285667
4,tau,simple,398.txt,-1.2337832226315415,-9.350716236369763
4,tau,simple,401.txt,-1.6055082403648697,-10.071188619894738
4,tau,simple,400.txt,-2.4983477198692636,-10.63001332291955
4,tau,simple,329.txt,-4.176491963976778,-6.344987684537324
4,tau,simple,018.txt,-12.221147139230183,-12.031726037512211
4,tau,simple,267.txt,-1.5000086154146532,-10.535057168340355
4,tau,simple,447.txt,-1.4034875168695338,-9.497773780442726
4,tau,simple,497.txt,-1.4034875168695338,-9.677039658860226
4,tau,simple,072.txt,-2.7067943794082456,-7.821939520849531
4,tau,simple,600.txt,-2.9387047130776858,-9.658414338220634
4,tau,simple,091.txt,-3.811340057564852,-7.270057234315735
4,tau,simple,085.txt,-2.1408462666153403,-8.2406584561881
4,tau,simple,527.txt,-2.1408462666153403,-11.544138095276665
4,tau,simple,472.txt,-5.054891701091367,-11.35574522648822
4,tau,simple,221.txt,-2.7067943794082456,-10.996410196687975
4,tau,simple,475.txt,-3.811340057564852,-8.716735727213267
4,tau,simple,028.txt,-0.6950098190712466,-2.5431147268047027
4,tau,simple,469.txt,-6.187562593228028,-10.207760694779184
4,tau,simple,242.txt,-1.315017658719869,-9.01248502800098
4,tau,simple,093.txt,-5.584418805565232,-6.46464472477956
4,tau,simple,386.txt,-2.310515240832154,-8.77367445853077
4,tau,simple,586.txt,-3.811340057564852,-11.772298068130956
4,tau,simple,510.txt,-3.197398836709195,-10.102059598916036
4,tau,simple,105.txt,-3.197398836709195,-9.940157120119109
4,tau,simple,017.txt,-6.187562593228028,-9.36810887579023
4,tau,simple,275.txt,-2.1408462666153403,-9.862885413274169
4,tau,simple,290.txt,-4.176491963976778,-4.019642426536793
4,tau,simple,114.txt,-10.827059560106964,-10.082750448549906
4,tau,simple,457.txt,-2.7067943794082456,-9.712162210730117
4,tau,simple,006.txt,-6.876713427969146,-8.460072777985669
4,tau,simple,573.txt,-1.8478205355323485,-10.3569787508507
4,tau,simple,196.txt,-3.811340057564852,-8.920285993065582
4,tau,simple,550.txt,-2.4983477198692636,-9.350652502912423
4,tau,simple,348.txt,-4.176491963976778,-11.436260397401968
4,tau,simple,320.txt,-7.6665243796305305,-12.164079465475847
4,tau,simple,108.txt,-2.4983477198692636,-8.56788393419059
4,tau,simple,489.txt,-1.721042298822051,-9.635752749248054
4,tau,simple,446.txt,-1.8478205355323485,-9.421910072777887
4,tau,simple,343.txt,-2.9387047130776858,-10.77371664234423
4,tau,simple,323.txt,-1.5000086154146532,-7.5630744101219145
4,tau,simple,321.txt,-1.721042298822051,-8.588179203565174
4,tau,simple,336.txt,-2.4983477198692636,-10.550917021770989
4,tau,simple,227.txt,-1.4034875168695338,-9.829859183119321
4,tau,simple,551.txt,-2.1408462666153403,-10.572845749147048
4,tau,simple,408.txt,-5.054891701091367,-10.926833686470301
4,tau,simple,078.txt,-8.57425158450755,-10.26143324699038
4,tau,simple,373.txt,-3.811340057564852,-8.986311451706593
4,tau,simple,389.txt,-1.4034875168695338,-9.698915592044562
4,tau,simple,435.txt,-2.4983477198692636,-10.998651772976693
4,tau,simple,330.txt,-5.584418805565232,-12.367231243027627
4,tau,simple,047.txt,-1.0902256317540873,-4.712565156530056
4,tau,simple,524.txt,-1.2337832226315415,-9.756560025512067
4,tau,simple,175.txt,-1.4034875168695338,-9.183511815528377
4,tau,simple,272.txt,-1.8478205355323485,-10.353054034003424
4,tau,media,137.txt,-6.822880518424735,-9.97784054182574
4,tau,media,341.txt,-7.263838915390967,-10.81451854237116
4,tau,media,434.txt,-7.6409030537809945,-9.250121720934025
4,tau,media,304.txt,-5.790384689173457,-11.629802511616399
4,tau,media,035.txt,-1.9502915793775084,-5.1375519723321
4,tau,media,004.txt,-7.263838915390967,-9.960295625317775
4,tau,media,261.txt,-7.901946156377411,-10.46402099631843
4,tau,media,016.txt,-5.790384689173457,-6.217176607923676
4,tau,media,263.txt,-7.263838915390967,-7.329693002221021
4,tau,media,374.txt,-5.8983766488187905,-9.64960366335987
4,tau,media,086.txt,-7.776214322880563,-8.259488411687569
4,tau,media,413.txt,-2.2067759866436365,-12.361023995384455
4,tau,media,094.txt,-7.93224103769148,-8.863656359460856
4,tau,media,585.txt,-7.901946156377411,-8.751643275241506
4,tau,media,423.txt,-7.887865619809839,-8.137598874570354
4,tau,media,589.txt,-4.248139755077682,-9.105891121100335
4,tau,media,296.txt,-6.5664891236407135,-7.565565104318064
4,tau,media,147.txt,-6.592081786552697,-10.274984052067325
4,tau,media,174.txt,-6.359381949847046,-9.191088299417771
4,tau,media,134.txt,-7.530577723859392,-9.712199947282965
4,tau,media,432.txt,-5.790384689173457,-11.639650293509302
4,tau,media,441.txt,-7.887865619809839,-7.5149901421881555
4,tau,media,172.txt,-5.509016495409254,-9.334424719138775
4,tau,media,111.txt,-4.9353628882222775,-9.979546338363013
4,tau,media,070.txt,-7.6409030537809945,-8.713238098960275
4,tau,media,075.txt,-3.574415884631552,-11.869918013545892
4,tau,media,349.txt,-7.887865619809839,-9.502892799790226
4,tau,media,456.txt,-7.137231008298019,-8.140768785992465
4,tau,media,396.txt,-4.248139755077682,-10.427546663136475
4,tau,media,518.txt,-7.6409030537809945,-10.689046373557115
4,tau,media,458.txt,-6.5664891236407135,-12.469620543502254
4,tau,media,065.txt,-7.887865619809839,-8.743204039848143
4,tau,media,318.txt,-7.048295133235603,-9.317586277715007
4,tau,media,106.txt,-7.263838915390967,-9.991969202277966
4,tau,media,370.txt,-6.822880518424735,-10.657806253476508
4,tau,media,390.txt,-7.6409030537809945,-10.517236346761228
4,tau,media,182.txt,-6.127465489537084,-9.188816897285667
4,tau,media,398.txt,-3.4987015750785684,-9.350716236369763
4,tau,media,401.txt,-5.8983766488187905,-10.071188619894738
4,tau,media,400.txt,-7.263838915390967,-10.63001332291955
4,tau,media,329.txt,-7.901946156377411,-6.344987684537324
4,tau,media,018.txt,-2.8448408523340518e-05,-12.031726037512211
4,tau,media,267.txt,-5.509016495409254,-10.535057168340355
4,tau,media,447.txt,-4.9353628882222775,-9.497773780442726
4,tau,media,497.txt,-4.9353628882222775,-9.677039658860226
4,tau,media,072.txt,-7.463789388689389,-7.821939520849531
4,tau,media,600.txt,-7.6409030537809945,-9.658414338220634
4,tau,media,091.txt,-7.93224103769148,-7.270057234315735
4,tau,media,085.txt,-6.822880518424735,-8.2406584561881
4,tau,media,527.txt,-6.822880518424735,-11.544138095276665
4,tau,media,472.txt,-7.530577723859392,-11.35574522648822
4,tau,media,221.txt,-7.463789388689389,-10.996410196687975
4,tau,media,475.txt,-7.93224103769148,-8.716735727213267
4,tau,media,028.txt,2.934246350215644,-2.5431147268047027
4,tau,media,469.txt,-6.5664891236407135,-10.207760694779184
4,tau,media,242.txt,-4.248139755077682,-9.01248502800098
4,tau,media,093.txt,-7.137231008298019,-6.46464472477956
4,tau,media,386.txt,-7.048295133235603,-8.77367445853077
4,tau,media,586.txt,-7.93224103769148,-11.772298068130956
4,tau,media,510.txt,-7.7860550195586455,-10.102059598916036
4,tau,media,105.txt,-7.7860550195586455,-9.940157120119109
4,tau,media,017.txt,-6.5664891236407135,-9.36810887579023
4,tau,media,275.txt,-6.822880518424735,-9.862885413274169
4,tau,media,290.txt,-7.901946156377411,-4.019642426536793
4,tau,media,114.txt,-0.8726501670473965,-10.082750448549906
4,tau,media,457.txt,-7.463789388689389,-9.712162210730117
4,tau,media,006.txt,-5.790384689173457,-8.460072777985669
4,tau,media,573.txt,-6.359381949847046,-10.3569787508507
4,tau,media,196.txt,-7.93224103769148,-8.920285993065582
4,tau,media,550.txt,-7.263838915390967,-9.350652502912423
4,tau,media,348.txt,-7.901946156377411,-11.436260397401968
4,tau,media,320.txt,-4.7905772493640395,-12.164079465475847
4,tau,media,108.txt,-7.263838915390967,-8.56788393419059
4,tau,media,489.txt,-6.127465489537084,-9.635752749248054
4,tau,media,446.txt,-6.359381949847046,-9.421910072777887
4,tau,media,343.txt,-7.6409030537809945,-10.77371664234423
4,tau,media,323.txt,-5.509016495409254,-7.5630744101219145
4,tau,media,321.txt,-6.127465489537084,-8.588179203565174
4,tau,media,336.txt,-7.263838915390967,-10.550917021770989
4,tau,media,227.txt,-4.9353628882222775,-9.829859183119321
4,tau,media,551.txt,-6.822880518424735,-10.572845749147048
4,tau,media,408.txt,-7.530577723859392,-10.926833686470301
4,tau,media,078.txt,-3.574415884631552,-10.26143324699038
4,tau,media,373.txt,-7.93224103769148,-8.986311451706593
4,tau,media,389.txt,-4.9353628882222775,-9.698915592044562
4,tau,media,435.txt,-7.263838915390967,-10.998651772976693
4,tau,media,330.txt,-7.137231008298019,-12.367231243027627
4,tau,media,047.txt,-1.9502915793775084,-4.712565156530056
4,tau,media,524.txt,-3.4987015750785684,-9.756560025512067
4,tau,media,175.txt,-4.9353628882222775,-9.183511815528377
4,tau,media,272.txt,-6.359381949847046,-10.353054034003424
4,tau,tanh_deep,137.txt,-8.487028786919979,-9.97784054182574
4,tau,tanh_deep,341.txt,-8.836963671872795,-10.81451854237116
4,tau,tanh_deep,434.txt,-8.989261700335847,-9.250121720934025
4,tau,tanh_deep,304.txt,-9.513000238522878,-11.629802511616399
4,tau,tanh_deep,035.txt,-1.2431247596560326,-5.1375519723321
4,tau,tanh_deep,004.txt,-8.836963671872795,-9.960295625317775
4,tau,tanh_deep,261.txt,-8.987796616054057,-10.46402099631843
4,tau,tanh_deep,016.txt,-9.513000238522878,-6.217176607923676
4,tau,tanh_deep,263.txt,-8.836963671872795,-7.329693002221021
4,tau,tanh_deep,374.txt,-7.092931064601184,-9.64960366335987
4,tau,tanh_deep,086.txt,-9.033835520392367,-8.259488411687569
4,tau,tanh_deep,413.txt,-10.076344836307104,-12.361023995384455
4,tau,tanh_deep,094.txt,-8.974107555954912,-8.863656359460856
4,tau,tanh_deep,585.txt,-8.987796616054057,-8.751643275241506
4,tau,tanh_deep,423.txt,-8.982336779509565,-8.137598874570354
4,tau,tanh_deep,589.txt,-4.795943323115315,-9.105891121100335
4,tau,tanh_deep,296.txt,-9.361150824772956,-7.565565104318064
4,tau,tanh_deep,147.txt,-8.25827663885193,-10.274984052067325
4,tau,tanh_deep,174.txt,-7.968053190419702,-9.191088299417771
4,tau,tanh_deep,134.txt,-9.114753969933844,-9.712199947282965
4,tau,tanh_deep,432.txt,-9.513000238522878,-11.639650293509302
4,tau,tanh_deep,441.txt,-8.982336904534382,-7.5149901421881555
4,tau,tanh_deep,172.txt,-6.488049639694569,-9.334424719138775
4,tau,tanh_deep,111.txt,-5.744821815502391,-9.979546338363013
4,tau,tanh_deep,070.txt,-8.989261700335847,-8.713238098960275
4,tau,tanh_deep,075.txt,-9.866067361972013,-11.869918013545892
4,tau,tanh_deep,349.txt,-8.982336779509565,-9.502892799790226
4,tau,tanh_deep,456.txt,-9.226333553094841,-8.140768785992465
4,tau,tanh_deep,396.txt,-4.795943323115315,-10.427546663136475
4,tau,tanh_deep,518.txt,-8.989261700335847,-10.689046373557115
4,tau,tanh_deep,458.txt,-9.361150824772956,-12.469620543502254
4,tau,tanh_deep,065.txt,-8.982336779509565,-8.743204039848143
4,tau,tanh_deep,318.txt,-8.680305601636457,-9.317586277715007
4,tau,tanh_deep,106.txt,-8.836963671872795,-9.991969202277966
4,tau,tanh_deep,370.txt,-8.487028786919979,-10.657806253476508
4,tau,tanh_deep,390.txt,-8.989261700335847,-10.517236346761228
4,tau,tanh_deep,182.txt,-7.584627483859643,-9.188816897285667
4,tau,tanh_deep,398.txt,-3.625501102659454,-9.350716236369763
4,tau,tanh_deep,401.txt,-7.092931064601184,-10.071188619894738
4,tau,tanh_deep,400.txt,-8.836963671872795,-10.63001332291955
4,tau,tanh_deep,329.txt,-8.987796616054057,-6.344987684537324
4,tau,tanh_deep,018.txt,-10.568557028798983,-12.031726037512211
4,tau,tanh_deep,267.txt,-6.488049639694569,-10.535057168340355
4,tau,tanh_deep,447.txt,-5.744821633604454,-9.497773780442726
4,tau,tanh_deep,497.txt,-5.744821633604454,-9.677039658860226
4,tau,tanh_deep,072.txt,-8.941391862904242,-7.821939520849531
4,tau,tanh_deep,600.txt,-8.989261700335847,-9.658414338220634
4,tau,tanh_deep,091.txt,-8.974107555954912,-7.270057234315735
4,tau,tanh_deep,085.txt,-8.487028786919979,-8.2406584561881
4,tau,tanh_deep,527.txt,-8.487028786919979,-11.544138095276665
4,tau,tanh_deep,472.txt,-9.114753969933844,-11.35574522648822
4,tau,tanh_deep,221.txt,-8.941391862904242,-10.996410196687975
4,tau,tanh_deep,475.txt,-8.974107555954912,-8.716735727213267
4,tau,tanh_deep,028.txt,2.064625000602471,-2.5431147268047027
4,tau,tanh_deep,469.txt,-9.361150824772956,-10.207760694779184
4,tau,tanh_deep,242.txt,-4.795943323115315,-9.01248502800098
4,tau,tanh_deep,093.txt,-9.226333553094841,-6.46464472477956
4,tau,tanh_deep,386.txt,-8.680305601636457,-8.77367445853077
4,tau,tanh_deep,586.txt,-8.974107555954912,-11.772298068130956
4,tau,tanh_deep,510.txt,-8.994996285233032,-10.102059598916036
4,tau,tanh_deep,105.txt,-8.994996285233032,-9.940157120119109
4,tau,tanh_deep,017.txt,-9.361150824772956,-9.36810887579023
4,tau,tanh_deep,275.txt,-8.487028786919979,-9.862885413274169
4,tau,tanh_deep,290.txt,-8.987796616054057,-4.019642426536793
4,tau,tanh_deep,114.txt,-10.313256235672664,-10.082750448549906
4,tau,tanh_deep,457.txt,-8.941391862904242,-9.712162210730117
4,tau,tanh_deep,006.txt,-9.513000238522878,-8.460072777985669
4,tau,tanh_deep,573.txt,-7.968053292722136,-10.3569787508507
4,tau,tanh_deep,196.txt,-8.974107555954912,-8.920285993065582
4,tau,tanh_deep,550.txt,-8.836963671872795,-9.350652502912423
4,tau,tanh_deep,348.txt,-8.987796616054057,-11.436260397401968
4,tau,tanh_deep,320.txt,-9.68018107673885,-12.164079465475847
4,tau,tanh_deep,108.txt,-8.836963671872795,-8.56788393419059
4,tau,tanh_deep,489.txt,-7.584627483859643,-9.635752749248054
4,tau,tanh_deep,446.txt,-7.968053190419702,-9.421910072777887
4,tau,tanh_deep,343.txt,-8.989261700335847,-10.77371664234423
4,tau,tanh_deep,323.txt,-6.488049639694569,-7.5630744101219145
4,tau,tanh_deep,321.txt,-7.584627483859643,-8.588179203565174
4,tau,tanh_deep,336.txt,-8.836963671872795,-10.550917021770989
4,tau,tanh_deep,227.txt,-5.744821633604454,-9.829859183119321
4,tau,tanh_deep,551.txt,-8.487028786919979,-10.572845749147048
4,tau,tanh_deep,408.txt,-9.114753969933844,-10.926833686470301
4,tau,tanh_deep,078.txt,-9.866067361972013,-10.26143324699038
4,tau,tanh_deep,373.txt,-8.974107555954912,-8.986311451706593
4,tau,tanh_deep,389.txt,-5.744821633604454,-9.698915592044562
4,tau,tanh_deep,435.txt,-8.836963671872795,-10.998651772976693
4,tau,tanh_deep,330.txt,-9.226333553094841,-12.367231243027627
4,tau,tanh_deep,047.txt,-1.2431247596560326,-4.712565156530056
4,tau,tanh_deep,524.txt,-3.625501102659454,-9.756560025512067
4,tau,tanh_deep,175.txt,-5.744821633604454,-9.183511815528377
4,tau,tanh_deep,272.txt,-7.968053190419702,-10.353054034003424
4,tau_v0,simple,137.txt,-2.5810141638074326,-9.97784054182574
4,tau_v0,simple,341.txt,-2.6221701416939838,-10.81451854237116
4,tau_v0,simple,434.txt,-4.412320515420841,-9.250121720934025
4,tau_v0,simple,304.txt,-9.68452876325896,-11.629802511616399
4,tau_v0,simple,035.txt,-1.692556662167722,-5.1375519723321
4,tau_v0,simple,004.txt,-3.674815657446382,-9.960295625317775
4,tau_v0,simple,261.txt,-5.982696648778675,-10.46402099631843
4,tau_v0,simple,016.txt,-9.527687561941267,-6.217176607923676
4,tau_v0,simple,263.txt,-1.614945501749479,-7.329693002221021
4,tau_v0,simple,374.txt,-1.8471526450987077,-9.64960366335987
4,tau_v0,simple,086.txt,-3.746939415558617,-8.259488411687569
4,tau_v0,simple,413.txt,-12.072571541519949,-12.361023995384455
4,tau_v0,simple,094.txt,-3.2449206919727454,-8.863656359460856
4,tau_v0,simple,585.txt,-6.343402015588502,-8.751643275241506
4,tau_v0,simple,423.txt,-3.8883021605739723,-8.137598874570354
4,tau_v0,simple,589.txt,-2.04930034612604,-9.105891121100335
4,tau_v0,simple,296.txt,-6.384514933667193,-7.565565104318064
4,tau_v0,simple,147.txt,-3.0283733176306953,-10.274984052067325
4,tau_v0,simple,174.txt,-0.8371079958762528,-9.191088299417771
4,tau_v0,simple,134.txt,-5.820720728593407,-9.712199947282965
4,tau_v0,simple,432.txt,-7.9400103486199525,-11.639650293509302
4,tau_v0,simple,441.txt,-1.7655234323803097,-7.5149901421881555
4,tau_v0,simple,172.txt,-1.1493890045162574,-9.334424719138775
4,tau_v0,simple,111.txt,-1.419363652725679,-9.979546338363013
4,tau_v0,simple,070.txt,-2.412907060300296,-8.713238098960275
4,tau_v0,simple,075.txt,-8.385522937689117,-11.869918013545892
4,tau_v0,simple,349.txt,-3.664193996669676,-9.502892799790226
4,tau_v0,simple,456.txt,-6.820166825926526,-8.140768785992465
4,tau_v0,simple,396.txt,-2.072482592694675,-10.427546663136475
4,tau_v0,simple,518.txt,-4.3285890967042935,-10.689046373557115
4,tau_v0,simple,458.txt,-8.586248275868147,-12.469620543502254
4,tau_v0,simple,065.txt,-4.525589116778607,-8.743204039848143
4,tau_v0,simple,318.txt,-0.012688442270310185,-9.317586277715007
4,tau_v0,simple,106.txt,-2.547047278922152,-9.991969202277966
4,tau_v0,simple,370.txt,-2.27935735396111,-10.657806253476508
4,tau_v0,simple,390.txt,-4.0973628607587385,-10.517236346761228
4,tau_v0,simple,182.txt,-2.539147223305494,-9.188816897285667
4,tau_v0,simple,398.txt,-1.9021138204738555,-9.350716236369763
4,tau_v0,simple,401.txt,-1.2576014867707506,-10.071188619894738
4,tau_v0,simple,400.txt,-3.4750398663006368,-10.63001332291955
4,tau_v0,simple,329.txt,-4.849287623905721,-6.344987684537324
4,tau_v0,simple,018.txt,-7.8573287746374065,-12.031726037512211
4,tau_v0,simple,267.txt,-1.507635385845357,-10.535057168340355
4,tau_v0,simple,447.txt,-0.4196306179789935,-9.497773780442726
4,tau_v0,simple,497.txt,-2.1254061207210455,-9.677039658860226
4,tau_v0,simple,072.txt,-2.8416870558975558,-7.821939520849531
4,tau_v0,simple,600.txt,-4.355405938107008,-9.658414338220634
4,tau_v0,simple,091.txt,-4.334660972981138,-7.270057234315735
4,tau_v0,simple,085.txt,-2.470265431757933,-8.2406584561881
4,tau_v0,simple,527.txt,-2.042763108539589,-11.544138095276665
4,tau_v0,simple,472.txt,-8.020135932259457,-11.35574522648822
4,tau_v0,simple,221.txt,-3.7715086533226403,-10.996410196687975
4,tau_v0,simple,475.txt,-3.6022649550245833,-8.716735727213267
4,tau_v0,simple,028.txt,-1.5127636032730152e-07,-2.5431147268047027
4,tau_v0,simple,469.txt,-9.010465725541456,-10.207760694779184
4,tau_v0,simple,242.txt,-1.8679768649959745,-9.01248502800098
4,tau_v0,simple,093.txt,-4.772959261717929,-6.46464472477956
4,tau_v0,simple,386.txt,-3.5413149322748003,-8.77367445853077
4,tau_v0,simple,586.txt,-5.431344980978897,-11.772298068130956
4,tau_v0,simple,510.txt,-4.694275290373416,-10.102059598916036
4,tau_v0,simple,105.txt,-3.6644778587773703,-9.940157120119109
4,tau_v0,simple,017.txt,-8.672218890878474,-9.36810887579023
4,tau_v0,simple,275.txt,-2.9237850135695638,-9.862885413274169
4,tau_v0,simple,290.txt,-6.231642452873654,-4.019642426536793
4,tau_v0,simple,114.txt,-3.0122577081279656,-10.082750448549906
4,tau_v0,simple,457.txt,-2.7887558233726386,-9.712162210730117
4,tau_v0,simple,006.txt,-9.423209458723825,-8.460072777985669
4,tau_v0,simple,573.txt,-2.4143695982224846,-10.3569787508507
4,tau_v0,simple,196.txt,-5.680589051391947,-8.920285993065582
4,tau_v0,simple,550.txt,-3.73045544466754,-9.350652502912423
4,tau_v0,simple,348.txt,-3.4976805546970713,-11.436260397401968
4,tau_v0,simple,320.txt,-10.251282933396933,-12.164079465475847
4,tau_v0,simple,108.txt,-2.874812332746611,-8.56788393419059
4,tau_v0,simple,489.txt,-2.2287409727984357,-9.635752749248054
4,tau_v0,simple,446.txt,-1.6637241984383033,-9.421910072777887
4,tau_v0,simple,343.txt,-3.660356092310635,-10.77371664234423
4,tau_v0,simple,323.txt,-0.22730287112572456,-7.5630744101219145
4,tau_v0,simple,321.txt,-2.2141721669583,-8.588179203565174
4,tau_v0,simple,336.txt,-2.3800948852777832,-10.550917021770989
4,tau_v0,simple,227.txt,-2.2212563833925425,-9.829859183119321
4,tau_v0,simple,551.txt,-2.7039137028135993,-10.572845749147048
4,tau_v0,simple,408.txt,-7.135088889836885,-10.926833686470301
4,tau_v0,simple,078.txt,-11.58813396838104,-10.26143324699038
4,tau_v0,simple,373.txt,-3.377463356792341,-8.986311451706593
4,tau_v0,simple,389.txt,-1.8073591881140032,-9.698915592044562
4,tau_v0,simple,435.txt,-2.8158943342590828,-10.998651772976693
4,tau_v0,simple,330.txt,-7.8145142065911495,-12.367231243027627
4,tau_v0,simple,047.txt,-1.678912833989999,-4.712565156530056
4,tau_v0,simple,524.txt,-1.9371121732560106,-9.756560025512067
4,tau_v0,simple,175.txt,-1.801495651557756,-9.183511815528377
4,tau_v0,simple,272.txt,-2.8849951708843014,-10.353054034003424
4,tau_v0,media,137.txt,-7.820044363806718,-9.97784054182574
4,tau_v0,media,341.txt,-7.51857175747354,-10.81451854237116
4,tau_v0,media,434.txt,-8.825617390416044,-9.250121720934025
4,tau_v0,media,304.txt,-5.290439948621592,-11.629802511616399
4,tau_v0,media,035.txt,-2.499555180715112,-5.1375519723321
4,tau_v0,media,004.txt,-8.545744322498162,-9.960295625317775
4,tau_v0,media,261.txt,-9.063141263183365,-10.46402099631843
4,tau_v0,media,016.txt,-5.796969009317772,-6.217176607923676
4,tau_v0,media,263.txt,-7.075571282958583,-7.329693002221021
4,tau_v0,media,374.txt,-5.83908449306101,-9.64960366335987
4,tau_v0,media,086.txt,-10.935193656300726,-8.259488411687569
4,tau_v0,media,413.txt,-3.441562237862151,-12.361023995384455
4,tau_v0,media,094.txt,-10.005236377027543,-8.863656359460856
4,tau_v0,media,585.txt,-8.370062137398687,-8.751643275241506
4,tau_v0,media,423.txt,-9.693217756332174,-8.137598874570354
4,tau_v0,media,589.txt,-4.806306628730761,-9.105891121100335
4,tau_v0,media,296.txt,-10.62893722882755,-7.565565104318064
4,tau_v0,media,147.txt,-7.7837107312016265,-10.274984052067325
4,tau_v0,media,174.txt,-4.79331038064881,-9.191088299417771
4,tau_v0,media,134.txt,-10.475726779578704,-9.712199947282965
4,tau_v0,media,432.txt,-9.533347485202865,-11.639650293509302
4,tau_v0,media,441.txt,-8.238467170116653,-7.5149901421881555
4,tau_v0,media,172.txt,-4.636531401944108,-9.334424719138775
4,tau_v0,media,111.txt,-3.969944042623129,-9.979546338363013
4,tau_v0,media,070.txt,-8.573930911518424,-8.713238098960275
4,tau_v0,media,075.txt,-9.384923989640455,-11.869918013545892
4,tau_v0,media,349.txt,-9.113614084972895,-9.502892799790226
4,tau_v0,media,456.txt,-9.869946899631694,-8.140768785992465
4,tau_v0,media,396.txt,-4.822646524959692,-10.427546663136475
4,tau_v0,media,518.txt,-8.907145874403636,-10.689046373557115
4,tau_v0,media,458.txt,-7.118718733320964,-12.469620543502254
4,tau_v0,media,065.txt,-9.614126699256756,-8.743204039848143
4,tau_v0,media,318.txt,-1.6454923571556406,-9.317586277715007
4,tau_v0,media,106.txt,-7.3878580118874515,-9.991969202277966
4,tau_v0,media,370.txt,-6.86946204997521,-10.657806253476508
4,tau_v0,media,390.txt,-9.110433003337521,-10.517236346761228
4,tau_v0,media,182.txt,-7.253811867334438,-9.188816897285667
4,tau_v0,media,398.txt,-4.012555456313395,-9.350716236369763
4,tau_v0,media,401.txt,-5.3319010841113395,-10.071188619894738
4,tau_v0,media,400.txt,-8.620771786526323,-10.63001332291955
4,tau_v0,media,329.txt,-10.259807042608333,-6.344987684537324
4,tau_v0,media,018.txt,-14.454357110827813,-12.031726037512211
4,tau_v0,media,267.txt,-4.677175245367296,-10.535057168340355
4,tau_v0,media,447.txt,-2.019397694600039,-9.497773780442726
4,tau_v0,media,497.txt,-5.526621426515212,-9.677039658860226
4,tau_v0,media,072.txt,-7.903386996703748,-7.821939520849531
4,tau_v0,media,600.txt,-8.881030566261096,-9.658414338220634
4,tau_v0,media,091.txt,-10.080222313932587,-7.270057234315735
4,tau_v0,media,085.txt,-7.497157975766309,-8.2406584561881
4,tau_v0,media,527.txt,-6.734735159528687,-11.544138095276665
4,tau_v0,media,472.txt,-6.137280292435057,-11.35574522648822
4,tau_v0,media,221.txt,-8.880373970459301,-10.996410196687975
4,tau_v0,media,475.txt,-9.315454703313408,-8.716735727213267
4,tau_v0,media,028.txt,5.963995460061295,-2.5431147268047027
4,tau_v0,media,469.txt,-5.855364069097272,-10.207760694779184
4,tau_v0,media,242.txt,-4.655607802119166,-9.01248502800098
4,tau_v0,media,093.txt,-11.746870282005734,-6.46464472477956
4,tau_v0,media,386.txt,-8.251537107131538,-8.77367445853077
4,tau_v0,media,586.txt,-9.257548311326072,-11.772298068130956
4,tau_v0,media,510.txt,-9.029345700749223,-10.102059598916036
4,tau_v0,media,105.txt,-9.456709904711085,-9.940157120119109
4,tau_v0,media,017.txt,-6.864201520665247,-9.36810887579023
4,tau_v0,media,275.txt,-8.030717034272547,-9.862885413274169
4,tau_v0,media,290.txt,-8.596709267496914,-4.019642426536793
4,tau_v0,media,114.txt,-15.266275442016182,-10.082750448549906
4,tau_v0,media,457.txt,-7.795856249497386,-9.712162210730117
4,tau_v0,media,006.txt,-6.134404892025128,-8.460072777985669
4,tau_v0,media,573.txt,-7.356211638874979,-10.3569787508507
4,tau_v0,media,196.txt,-8.851647476754195,-8.920285993065582
4,tau_v0,media,550.txt,-8.512423426462613,-9.350652502912423
4,tau_v0,media,348.txt,-10.46971782395626,-11.436260397401968
4,tau_v0,media,320.txt,-5.270828717651965,-12.164079465475847
4,tau_v0,media,108.txt,-8.286201751495847,-8.56788393419059
4,tau_v0,media,489.txt,-7.038440000215865,-9.635752749248054
4,tau_v0,media,446.txt,-6.2493244977171925,-9.421910072777887
4,tau_v0,media,343.txt,-9.185063943164552,-10.77371664234423
4,tau_v0,media,323.txt,-1.7639805471227992,-7.5630744101219145
4,tau_v0,media,321.txt,-7.025931963992855,-8.588179203565174
4,tau_v0,media,336.txt,-7.424868861154425,-10.550917021770989
4,tau_v0,media,227.txt,-5.582599526420371,-9.829859183119321
4,tau_v0,media,551.txt,-7.929402057432007,-10.572845749147048
4,tau_v0,media,408.txt,-8.480830381068596,-10.926833686470301
4,tau_v0,media,078.txt,-2.764530928903689,-10.26143324699038
4,tau_v0,media,373.txt,-9.808572608374734,-8.986311451706593
4,tau_v0,media,389.txt,-5.184362132979454,-9.698915592044562
4,tau_v0,media,435.txt,-8.10408274516142,-10.998651772976693
4,tau_v0,media,330.txt,-7.927339942854252,-12.367231243027627
4,tau_v0,media,047.txt,-2.4855877513769737,-4.712565156530056
4,tau_v0,media,524.txt,-4.041190053389679,-9.756560025512067
4,tau_v0,media,175.txt,-5.1693411440731065,-9.183511815528377
4,tau_v0,media,272.txt,-7.530001869824203,-10.353054034003424
4,tau_v0,tanh_deep,137.txt,-9.215179641979338,-9.97784054182574
4,tau_v0,tanh_deep,341.txt,-9.077950003719872,-10.81451854237116
4,tau_v0,tanh_deep,434.txt,-7.054271626460102,-9.250121720934025
4,tau_v0,tanh_deep,304.txt,-9.817376807537345,-11.629802511616399
4,tau_v0,tanh_deep,035.txt,-1.0612165799111335,-5.1375519723321
4,tau_v0,tanh_deep,004.txt,-7.67040264954918,-9.960295625317775
4,tau_v0,tanh_deep,261.txt,-7.9559151906841326,-10.46402099631843
4,tau_v0,tanh_deep,016.txt,-9.417582196515987,-6.217176607923676
4,tau_v0,tanh_deep,263.txt,-7.565423688680784,-7.329693002221021
4,tau_v0,tanh_deep,374.txt,-8.888167433914495,-9.64960366335987
4,tau_v0,tanh_deep,086.txt,-8.542481678524728,-8.259488411687569
4,tau_v0,tanh_deep,413.txt,-9.99878843642597,-12.361023995384455
4,tau_v0,tanh_deep,094.txt,-8.69785531848921,-8.863656359460856
4,tau_v0,tanh_deep,585.txt,-8.496868920538137,-8.751643275241506
4,tau_v0,tanh_deep,423.txt,-8.611751246291757,-8.137598874570354
4,tau_v0,tanh_deep,589.txt,-5.517075256710548,-9.105891121100335
4,tau_v0,tanh_deep,296.txt,-8.403759144960592,-7.565565104318064
4,tau_v0,tanh_deep,147.txt,-6.062153924914413,-10.274984052067325
4,tau_v0,tanh_deep,174.txt,-3.4763133965414905,-9.191088299417771
4,tau_v0,tanh_deep,134.txt,-8.315456954908022,-9.712199947282965
4,tau_v0,tanh_deep,432.txt,-8.6741508268386,-11.639650293509302
4,tau_v0,tanh_deep,441.txt,-7.398379347889359,-7.5149901421881555
4,tau_v0,tanh_deep,172.txt,-4.833616460138929,-9.334424719138775
4,tau_v0,tanh_deep,111.txt,-6.789144601362526,-9.979546338363013
4,tau_v0,tanh_deep,070.txt,-8.711573757193957,-8.713238098960275
4,tau_v0,tanh_deep,075.txt,-8.850547854596336,-11.869918013545892
4,tau_v0,tanh_deep,349.txt,-8.84799352703017,-9.502892799790226
4,tau_v0,tanh_deep,456.txt,-9.517536738121418,-8.140768785992465
4,tau_v0,tanh_deep,396.txt,-7.6919554354545365,-10.427546663136475
4,tau_v0,tanh_deep,518.txt,-6.940931846997082,-10.689046373557115
4,tau_v0,tanh_deep,458.txt,-8.779391183865762,-12.469620543502254
4,tau_v0,tanh_deep,065.txt,-9.3512230774662,-8.743204039848143
4,tau_v0,tanh_deep,318.txt,-6.425253804063271,-9.317586277715007
4,tau_v0,tanh_deep,106.txt,-9.08763731084159,-9.991969202277966
4,tau_v0,tanh_deep,370.txt,-8.989877582932252,-10.657806253476508
4,tau_v0,tanh_deep,390.txt,-9.135474804710752,-10.517236346761228
4,tau_v0,tanh_deep,182.txt,-8.668232938474969,-9.188816897285667
4,tau_v0,tanh_deep,398.txt,-2.555857614477983,-9.350716236369763
4,tau_v0,tanh_deep,401.txt,-6.261882137720491,-10.071188619894738
4,tau_v0,tanh_deep,400.txt,-9.4798081147688,-10.63001332291955
4,tau_v0,tanh_deep,329.txt,-8.477495390289654,-6.344987684537324
4,tau_v0,tanh_deep,018.txt,-11.255954871717481,-12.031726037512211
4,tau_v0,tanh_deep,267.txt,-7.633328355188584,-10.535057168340355
4,tau_v0,tanh_deep,447.txt,-2.867445962204001,-9.497773780442726
4,tau_v0,tanh_deep,497.txt,-4.718949647497558,-9.677039658860226
4,tau_v0,tanh_deep,072.txt,-9.10591491040087,-7.821939520849531
4,tau_v0,tanh_deep,600.txt,-6.625595205461951,-9.658414338220634
4,tau_v0,tanh_deep,091.txt,-8.466924644829447,-7.270057234315735
4,tau_v0,tanh_deep,085.txt,-9.058372566176045,-8.2406584561881
4,tau_v0,tanh_deep,527.txt,-8.997471567377637,-11.544138095276665
4,tau_v0,tanh_deep,472.txt,-7.198338084263641,-11.35574522648822
4,tau_v0,tanh_deep,221.txt,-9.34140306956571,-10.996410196687975
4,tau_v0,tanh_deep,475.txt,-8.867977575437399,-8.716735727213267
4,tau_v0,tanh_deep,028.txt,4.621031088582699,-2.5431147268047027
4,tau_v0,tanh_deep,469.txt,-7.28822837693667,-10.207760694779184
4,tau_v0,tanh_deep,242.txt,-8.87546123457383,-9.01248502800098
4,tau_v0,tanh_deep,093.txt,-8.503106295739212,-6.46464472477956
4,tau_v0,tanh_deep,386.txt,-7.528523177014722,-8.77367445853077
4,tau_v0,tanh_deep,586.txt,-8.229800982359537,-11.772298068130956
4,tau_v0,tanh_deep,510.txt,-7.045019591364372,-10.102059598916036
4,tau_v0,tanh_deep,105.txt,-8.72586804724138,-9.940157120119109
4,tau_v0,tanh_deep,017.txt,-9.151851427564035,-9.36810887579023
4,tau_v0,tanh_deep,275.txt,-9.312265918619797,-9.862885413274169
4,tau_v0,tanh_deep,290.txt,-8.002181982022437,-4.019642426536793
4,tau_v0,tanh_deep,114.txt,-10.201443514561273,-10.082750448549906
4,tau_v0,tanh_deep,457.txt,-9.128098544361281,-9.712162210730117
4,tau_v0,tanh_deep,006.txt,-8.93873279257637,-8.460072777985669
4,tau_v0,tanh_deep,573.txt,-8.713184023581942,-10.3569787508507
4,tau_v0,tanh_deep,196.txt,-7.854872565737017,-8.920285993065582
4,tau_v0,tanh_deep,550.txt,-6.26077013073626,-9.350652502912423
4,tau_v0,tanh_deep,348.txt,-8.613995414820975,-11.436260397401968
4,tau_v0,tanh_deep,320.txt,-8.986394491477743,-12.164079465475847
4,tau_v0,tanh_deep,108.txt,-9.042778026166642,-8.56788393419059
4,tau_v0,tanh_deep,489.txt,-8.698153868266713,-9.635752749248054
4,tau_v0,tanh_deep,446.txt,-8.803740565102025,-9.421910072777887
4,tau_v0,tanh_deep,343.txt,-9.159397680313214,-10.77371664234423
4,tau_v0,tanh_deep,323.txt,-3.3992109933776637,-7.5630744101219145
4,tau_v0,tanh_deep,321.txt,-8.738475714317788,-8.588179203565174
4,tau_v0,tanh_deep,336.txt,-9.036046721941311,-10.550917021770989
4,tau_v0,tanh_deep,227.txt,-8.898106969449447,-9.829859183119321
4,tau_v0,tanh_deep,551.txt,-8.956135795696817,-10.572845749147048
4,tau_v0,tanh_deep,408.txt,-8.326204797531881,-10.926833686470301
4,tau_v0,tanh_deep,078.txt,-10.034552860769345,-10.26143324699038
4,tau_v0,tanh_deep,373.txt,-8.773129824912935,-8.986311451706593
4,tau_v0,tanh_deep,389.txt,-7.949236557516509,-9.698915592044562
4,tau_v0,tanh_deep,435.txt,-9.021986310806023,-10.998651772976693
4,tau_v0,tanh_deep,330.txt,-8.537172721358786,-12.367231243027627
4,tau_v0,tanh_deep,047.txt,0.006002234193380751,-4.712565156530056
4,tau_v0,tanh_deep,524.txt,-6.063279846481844,-9.756560025512067
4,tau_v0,tanh_deep,175.txt,-7.975945432140437,-9.183511815528377
4,tau_v0,tanh_deep,272.txt,-8.060698460166492,-10.353054034003424
