nombre,valores
fc1.weight,"[-0.12914374470710754, 0.011215058155357838, -0.05756427347660065, -1.132634162902832, -0.041907262057065964, -0.09051702916622162]"
fc1.bias,"[0.8451682329177856, 0.7853360176086426]"
fc2.weight,"[-0.7735951542854309, 1.4486874341964722]"
fc2.bias,[-0.5685438513755798]
