nombre,valores
fc1.weight,"[1.3091990947723389, 0.028057372197508812, 0.024750616401433945, 1.0577143430709839, -0.0007390474202111363, -0.2013462781906128, -0.5675044655799866, -0.4251495897769928, -0.006495450157672167, 0.8588982820510864, 0.04990176483988762, 0.07817468047142029]"
fc1.bias,"[0.5552273392677307, -0.6885479092597961, -0.008189063519239426, -0.5341079831123352]"
fc2.weight,"[-1.292224645614624, 0.8501015901565552, 0.19986562430858612, 1.0097514390945435]"
fc2.bias,[0.634460985660553]
