nombre,valores
fc1.weight,"[-0.70989990234375, 0.03196294233202934]"
fc1.bias,"[-0.8096103668212891, -0.7075663208961487]"
fc2.weight,"[-0.03775590658187866, 0.1915457397699356]"
fc2.bias,[-0.002126632956787944]
